/*
SQLyog Ultimate v10.00 Beta1
MySQL - 5.6.37 : Database - dahuodb
*********************************************************************
*/

/*!40101 SET NAMES utf8 */;

/*!40101 SET SQL_MODE=''*/;

/*!40014 SET @OLD_UNIQUE_CHECKS=@@UNIQUE_CHECKS, UNIQUE_CHECKS=0 */;
/*!40014 SET @OLD_FOREIGN_KEY_CHECKS=@@FOREIGN_KEY_CHECKS, FOREIGN_KEY_CHECKS=0 */;
/*!40101 SET @OLD_SQL_MODE=@@SQL_MODE, SQL_MODE='NO_AUTO_VALUE_ON_ZERO' */;
/*!40111 SET @OLD_SQL_NOTES=@@SQL_NOTES, SQL_NOTES=0 */;
CREATE DATABASE /*!32312 IF NOT EXISTS*/`dahuodb` /*!40100 DEFAULT CHARACTER SET utf8 */;

USE `dahuodb`;

/*Table structure for table `collectioninfo` */

DROP TABLE IF EXISTS `collectioninfo`;

CREATE TABLE `collectioninfo` (
  `id` varchar(32) NOT NULL COMMENT '收藏信息id标识',
  `releaseId` varchar(32) NOT NULL COMMENT '发布信息id',
  `personalId` varchar(32) NOT NULL COMMENT '个人资料Id',
  `remark` varchar(255) DEFAULT NULL COMMENT '收藏备注',
  `cdate` datetime DEFAULT NULL COMMENT '创建时间',
  `mdate` datetime DEFAULT NULL COMMENT '最后修改时间',
  `creator` varchar(32) DEFAULT NULL COMMENT '创建人',
  `uman` varchar(32) DEFAULT NULL COMMENT '修改人',
  `df` int(11) DEFAULT '0' COMMENT '是否删除',
  `version` int(11) DEFAULT '0' COMMENT '数据版本',
  PRIMARY KEY (`id`)
) ENGINE=InnoDB DEFAULT CHARSET=utf8;

/*Data for the table `collectioninfo` */

LOCK TABLES `collectioninfo` WRITE;

insert  into `collectioninfo`(`id`,`releaseId`,`personalId`,`remark`,`cdate`,`mdate`,`creator`,`uman`,`df`,`version`) values ('fb01e37b02aa40d1b59182ff49d91096','58591aa6a2ad11e7a86e00163e0a58b3','1a1bcad39a614d56a5bd12783e466b68',NULL,'2017-09-28 10:05:58','2017-09-28 10:05:58','1a1bcad39a614d56a5bd12783e466b68','1a1bcad39a614d56a5bd12783e466b68',0,0);

UNLOCK TABLES;

/*Table structure for table `commentinfo` */

DROP TABLE IF EXISTS `commentinfo`;

CREATE TABLE `commentinfo` (
  `id` varchar(32) NOT NULL COMMENT '评论信息id标识',
  `releaseId` varchar(32) NOT NULL COMMENT '发布信息id',
  `personalId` varchar(32) NOT NULL COMMENT '个人资料Id',
  `commentContent` varchar(255) DEFAULT NULL COMMENT '评论内容',
  `avatarUrl` varchar(255) DEFAULT NULL COMMENT '头像用户',
  `remark` varchar(255) DEFAULT NULL COMMENT '评论备注',
  `cdate` datetime DEFAULT NULL COMMENT '创建时间',
  `mdate` datetime DEFAULT NULL COMMENT '最后修改时间',
  `creator` varchar(32) DEFAULT NULL COMMENT '创建人',
  `uman` varchar(32) DEFAULT NULL COMMENT '修改人',
  `df` int(11) DEFAULT '0' COMMENT '是否删除',
  `version` int(11) DEFAULT '0' COMMENT '数据版本',
  PRIMARY KEY (`id`)
) ENGINE=InnoDB DEFAULT CHARSET=utf8;

/*Data for the table `commentinfo` */

LOCK TABLES `commentinfo` WRITE;

insert  into `commentinfo`(`id`,`releaseId`,`personalId`,`commentContent`,`avatarUrl`,`remark`,`cdate`,`mdate`,`creator`,`uman`,`df`,`version`) values ('984dba56c1d540c1a698c412376d1606','97d9173d7ecd409ea5e88e82f5162737','a314c7f5ceae45a79682211091017ca4','1231','https://static.daho.club/static/upload/web.daho.club/oNWj80KpvNW5sPKLxGYPtaLKgmD8/20170927/1d5b04dde5214cfcb6fab25d3520982a.jpg','零风','2017-09-27 19:52:36','2017-09-27 19:52:36','1a1bcad39a614d56a5bd12783e466b68','1a1bcad39a614d56a5bd12783e466b68',0,0),('9efd521b341e4192b12d85103988e9cd','58591aa6a2ad11e7a86e00163e0a58b3','B86F5533AA384C5BBBE3F35A2EE65768','望电话沟通*_*','https://static.daho.club/static/upload/web.daho.club/oNWj80KpvNW5sPKLxGYPtaLKgmD8/20170927/1d5b04dde5214cfcb6fab25d3520982a.jpg','零风','2017-09-28 10:03:01','2017-09-28 10:03:01','1a1bcad39a614d56a5bd12783e466b68','1a1bcad39a614d56a5bd12783e466b68',0,0),('9f3c8c71f5a349b4a179ac2030e1c96c','58591aa6a2ad11e7a86e00163e0a58b3','B86F5533AA384C5BBBE3F35A2EE65768','得到的','https://wx.qlogo.cn/mmopen/vi_32/X60cuzib5Xr9ohhDPYbqicMACrFKXY342GfBWG4A3jrC31T1dAXvP0vwOqtEdtJpNFYj1UnicwVaoFqscPC26CPjw/0','熊永标','2017-09-27 20:18:11','2017-09-27 20:18:11','36313689cdaa4be1a543ae0b5d8377ee','36313689cdaa4be1a543ae0b5d8377ee',0,0),('b710e4ce6eca4ee096caad9937ed99ef','97d9173d7ecd409ea5e88e82f5162737','a314c7f5ceae45a79682211091017ca4','3333','https://static.daho.club/static/upload/web.daho.club/oNWj80KpvNW5sPKLxGYPtaLKgmD8/20170927/1d5b04dde5214cfcb6fab25d3520982a.jpg','零风','2017-09-27 19:32:46','2017-09-27 19:32:46','1a1bcad39a614d56a5bd12783e466b68','1a1bcad39a614d56a5bd12783e466b68',0,0),('c76ba1ad43ed48999fc5c74836ac6aef','4454726a0b5c4713b96f751ae6f6ccd1','1a1bcad39a614d56a5bd12783e466b68','234324','https://static.daho.club/static/upload/web.daho.club/oNWj80KpvNW5sPKLxGYPtaLKgmD8/20170927/1d5b04dde5214cfcb6fab25d3520982a.jpg','零风','2017-09-27 19:34:20','2017-09-27 19:34:20','1a1bcad39a614d56a5bd12783e466b68','1a1bcad39a614d56a5bd12783e466b68',0,0),('d1ce87a0a5ca4c44bce135b1528defb3','97d9173d7ecd409ea5e88e82f5162737','a314c7f5ceae45a79682211091017ca4','啦啦啦啦','https://static.daho.club/static/upload/web.daho.club/oNWj80KpvNW5sPKLxGYPtaLKgmD8/20170927/1d5b04dde5214cfcb6fab25d3520982a.jpg','零风','2017-09-27 19:22:29','2017-09-27 19:22:29','1a1bcad39a614d56a5bd12783e466b68','1a1bcad39a614d56a5bd12783e466b68',0,0),('f62017aa4f444e1a85b1b47bdf6b6644','97d9173d7ecd409ea5e88e82f5162737','a314c7f5ceae45a79682211091017ca4','？？','https://wx.qlogo.cn/mmopen/vi_32/cA7YspdzdUHaZNogvRib4nMD9sfzgLsSgBfPicyVSWECrwFEZwZ68liaJkQ7XQbLfRGiaQJZbQNNGicceaBAPvMoAicw/0','蒋鹏','2017-09-27 19:39:22','2017-09-27 19:39:22','ca7e4d9a2ff1444fa9c89c1d678d9d42','ca7e4d9a2ff1444fa9c89c1d678d9d42',0,0),('f86c2e3a484e40e4bc4c77d035b0ee3e','97d9173d7ecd409ea5e88e82f5162737','a314c7f5ceae45a79682211091017ca4','陌陌','https://static.daho.club/static/upload/web.daho.club/oNWj80OPZA_tvXxf2eIpI-VVqP4E/20170927/70301fb7f97047baba21b334a3b6cacb.jpg','合光同尘','2017-09-27 19:32:29','2017-09-27 19:32:29','a314c7f5ceae45a79682211091017ca4','a314c7f5ceae45a79682211091017ca4',0,0);

UNLOCK TABLES;

/*Table structure for table `feedback` */

DROP TABLE IF EXISTS `feedback`;

CREATE TABLE `feedback` (
  `id` varchar(32) NOT NULL COMMENT '用户反馈id标识',
  `content` varchar(800) NOT NULL COMMENT '反馈内容',
  `cdate` datetime DEFAULT NULL COMMENT '创建时间',
  `mdate` datetime DEFAULT NULL COMMENT '最后修改时间',
  `creator` varchar(32) DEFAULT NULL COMMENT '创建人',
  `uman` varchar(32) DEFAULT NULL COMMENT '修改人',
  `df` int(11) DEFAULT '0' COMMENT '是否删除',
  `version` int(11) DEFAULT '0' COMMENT '数据版本'
) ENGINE=InnoDB DEFAULT CHARSET=utf8;

/*Data for the table `feedback` */

LOCK TABLES `feedback` WRITE;

insert  into `feedback`(`id`,`content`,`cdate`,`mdate`,`creator`,`uman`,`df`,`version`) values ('36313689cdaa4be1a543ae0b5d8377ee','变得斤斤计较机会','2017-09-27 17:55:56','2017-09-27 17:55:56','36313689cdaa4be1a543ae0b5d8377ee','36313689cdaa4be1a543ae0b5d8377ee',0,0),('a314c7f5ceae45a79682211091017ca4','我项目上传不了','2017-09-27 19:23:25','2017-09-27 19:23:33','a314c7f5ceae45a79682211091017ca4','a314c7f5ceae45a79682211091017ca4',0,1),('1a1bcad39a614d56a5bd12783e466b68','sdfsdf','2017-09-27 19:39:41','2017-09-27 19:39:41','1a1bcad39a614d56a5bd12783e466b68','1a1bcad39a614d56a5bd12783e466b68',0,0);

UNLOCK TABLES;

/*Table structure for table `filtertype` */

DROP TABLE IF EXISTS `filtertype`;

CREATE TABLE `filtertype` (
  `id` varchar(32) NOT NULL COMMENT '筛选类型id标识',
  `filterTypeName` varchar(100) NOT NULL COMMENT '筛选类型名称',
  `remark` varchar(255) DEFAULT NULL COMMENT '筛选类型备注',
  `cdate` datetime DEFAULT NULL COMMENT '创建时间',
  `mdate` datetime DEFAULT NULL COMMENT '最后修改时间',
  `creator` varchar(32) DEFAULT NULL COMMENT '创建人',
  `uman` varchar(32) DEFAULT NULL COMMENT '修改人',
  `df` int(11) DEFAULT '0' COMMENT '是否删除',
  `version` int(11) DEFAULT '0' COMMENT '数据版本',
  PRIMARY KEY (`id`)
) ENGINE=InnoDB DEFAULT CHARSET=utf8;

/*Data for the table `filtertype` */

LOCK TABLES `filtertype` WRITE;

UNLOCK TABLES;

/*Table structure for table `filtertypeinfo` */

DROP TABLE IF EXISTS `filtertypeinfo`;

CREATE TABLE `filtertypeinfo` (
  `id` varchar(32) NOT NULL COMMENT '筛选类型信息id标识',
  `filterTypeId` varchar(100) NOT NULL COMMENT '筛选类型id',
  `content` varchar(255) NOT NULL COMMENT '筛选类型信息内容',
  `remark` varchar(255) DEFAULT NULL COMMENT '筛选类型信息备注',
  `cdate` datetime DEFAULT NULL COMMENT '创建时间',
  `mdate` datetime DEFAULT NULL COMMENT '最后修改时间',
  `creator` varchar(32) DEFAULT NULL COMMENT '创建人',
  `uman` varchar(32) DEFAULT NULL COMMENT '修改人',
  `df` int(11) DEFAULT '0' COMMENT '是否删除',
  `version` int(11) DEFAULT '0' COMMENT '数据版本',
  PRIMARY KEY (`id`)
) ENGINE=InnoDB DEFAULT CHARSET=utf8;

/*Data for the table `filtertypeinfo` */

LOCK TABLES `filtertypeinfo` WRITE;

UNLOCK TABLES;

/*Table structure for table `notice` */

DROP TABLE IF EXISTS `notice`;

CREATE TABLE `notice` (
  `id` varchar(32) NOT NULL COMMENT '通知表id标识',
  `personalId` varchar(32) NOT NULL COMMENT '接收者，			比如: 零风id..',
  `releaseId` varchar(32) NOT NULL COMMENT '相关的发布信息id,		比如: 零风发布的信息id..',
  `imgUrl` varchar(255) NOT NULL COMMENT '信息图片url			比如: 发布信息对应的图片',
  `ntype` varchar(255) NOT NULL COMMENT '通知类型 				0=系统,1=评论，2=回复,3=收藏，4=审核，5=..',
  `content` varchar(255) NOT NULL COMMENT '通知内容,			比如: **谁谁给你评论..',
  `static` int(11) NOT NULL DEFAULT '0' COMMENT '通知状态			0=未查看，1=已查看',
  `notifyname` varchar(255) DEFAULT NULL COMMENT '通知者名称				比如:搭伙小秘书，可以为空',
  `tile` varchar(255) DEFAULT NULL COMMENT '通知标题,					可以为空',
  `memo` varchar(255) DEFAULT NULL COMMENT '备注，					可以为空',
  `cdate` datetime DEFAULT NULL COMMENT '创建时间',
  `mdate` datetime DEFAULT NULL COMMENT '最后修改时间',
  `creator` varchar(32) DEFAULT NULL COMMENT '创建人(通知者:搭伙小秘书,零风id..)',
  `uman` varchar(32) DEFAULT NULL COMMENT '修改人',
  `df` int(11) DEFAULT '0' COMMENT '是否删除',
  `version` int(11) DEFAULT '0' COMMENT '数据版本',
  `avatarUrl` varchar(255) DEFAULT NULL COMMENT '头像',
  PRIMARY KEY (`id`)
) ENGINE=InnoDB DEFAULT CHARSET=utf8;

/*Data for the table `notice` */

LOCK TABLES `notice` WRITE;

insert  into `notice`(`id`,`personalId`,`releaseId`,`imgUrl`,`ntype`,`content`,`static`,`notifyname`,`tile`,`memo`,`cdate`,`mdate`,`creator`,`uman`,`df`,`version`,`avatarUrl`) values ('01650fa6c8e14e75847e2bbefa026e93','B86F5533AA384C5BBBE3F35A2EE65768','25333dbfa1dd11e7a86e00163e0a58b3','https://static.daho.club/static/upload/web.echsoft.cn/admin/20170919/n_v2b13c4b0188d34d79b06f69245e00408b.jpg','3','我收藏了你的项目。',0,'熊永标',NULL,NULL,'2017-09-27 12:31:57','2017-09-27 12:31:57','781d1104cbf3421db9049b76a23ce2d0','781d1104cbf3421db9049b76a23ce2d0',0,0,NULL),('1b4b0c145c8e4f5d9b1ff54d3ef968db','a314c7f5ceae45a79682211091017ca4','97d9173d7ecd409ea5e88e82f5162737','https://static.daho.club/static/upload/web.daho.club/oNWj80OPZA_tvXxf2eIpI-VVqP4E/20170927/9e7cfffd61774716a3465ff7ff5921b7.jpg','1','我评论了你的项目：‘\'',1,'零风',NULL,NULL,'2017-09-27 19:32:46','2017-09-27 19:41:16','1a1bcad39a614d56a5bd12783e466b68','a314c7f5ceae45a79682211091017ca4',0,1,NULL),('2310f9a4767840569e780a70421646c2','B86F5533AA384C5BBBE3F35A2EE65768','58591aa6a2ad11e7a86e00163e0a58b3','https://static.daho.club/static/upload/web.echsoft.cn/admin/20170919/ljljsdaspio00.jpg','3','我收藏了你的项目。',0,'零风',NULL,NULL,'2017-09-28 10:04:10','2017-09-28 10:04:10','1a1bcad39a614d56a5bd12783e466b68','1a1bcad39a614d56a5bd12783e466b68',0,0,'https://static.daho.club/static/upload/web.daho.club/oNWj80KpvNW5sPKLxGYPtaLKgmD8/20170927/1d5b04dde5214cfcb6fab25d3520982a.jpg'),('29b1f4e9346d4a089e3395c211ae5291','B86F5533AA384C5BBBE3F35A2EE65768','58591aa6a2ad11e7a86e00163e0a58b3','https://static.daho.club/static/upload/web.echsoft.cn/admin/20170919/ljljsdaspio00.jpg','1','我评论了你的项目：‘\'',0,'熊永标',NULL,NULL,'2017-09-27 20:18:11','2017-09-27 20:18:11','36313689cdaa4be1a543ae0b5d8377ee','36313689cdaa4be1a543ae0b5d8377ee',0,0,'https://wx.qlogo.cn/mmopen/vi_32/X60cuzib5Xr9ohhDPYbqicMACrFKXY342GfBWG4A3jrC31T1dAXvP0vwOqtEdtJpNFYj1UnicwVaoFqscPC26CPjw/0'),('47a0e7140279463ab3960a50463c11d9','B86F5533AA384C5BBBE3F35A2EE65768','25333dbfa1dd11e7a86e00163e0a58b3','https://static.daho.club/static/upload/web.echsoft.cn/admin/20170919/n_v2b13c4b0188d34d79b06f69245e00408b.jpg','3','我取消收藏你的项目。',0,'熊永标',NULL,NULL,'2017-09-27 12:32:00','2017-09-27 12:32:00','781d1104cbf3421db9049b76a23ce2d0','781d1104cbf3421db9049b76a23ce2d0',0,0,NULL),('499f191261e0463d9a24d005c7488be5','B86F5533AA384C5BBBE3F35A2EE65768','58591aa6a2ad11e7a86e00163e0a58b3','https://static.daho.club/static/upload/web.echsoft.cn/admin/20170919/ljljsdaspio00.jpg','3','我收藏了你的项目。',0,'合光同尘',NULL,NULL,'2017-09-27 16:59:25','2017-09-27 16:59:25','175eef7e07124b99a28ea22ded324c1c','175eef7e07124b99a28ea22ded324c1c',0,0,NULL),('519b7f5dadf042c6a5088f3d3a91c3db','a314c7f5ceae45a79682211091017ca4','97d9173d7ecd409ea5e88e82f5162737','https://static.daho.club/static/upload/web.daho.club/oNWj80OPZA_tvXxf2eIpI-VVqP4E/20170927/9e7cfffd61774716a3465ff7ff5921b7.jpg','1','我评论了你的项目：‘\'',1,'合光同尘',NULL,NULL,'2017-09-27 19:32:30','2017-09-27 19:41:16','a314c7f5ceae45a79682211091017ca4','a314c7f5ceae45a79682211091017ca4',0,1,NULL),('5a94abcc9f18470fb73756a0dba60d34','B86F5533AA384C5BBBE3F35A2EE65768','58591aa6a2ad11e7a86e00163e0a58b3','https://static.daho.club/static/upload/web.echsoft.cn/admin/20170919/ljljsdaspio00.jpg','3','我取消收藏你的项目。',0,'合光同尘',NULL,NULL,'2017-09-27 16:59:27','2017-09-27 16:59:27','175eef7e07124b99a28ea22ded324c1c','175eef7e07124b99a28ea22ded324c1c',0,0,NULL),('5e0547c81c0247bca70cfd8de3c8c232','B86F5533AA384C5BBBE3F35A2EE65768','25333dbfa1dd11e7a86e00163e0a58b3','https://static.daho.club/static/upload/web.echsoft.cn/admin/20170919/n_v2b13c4b0188d34d79b06f69245e00408b.jpg','3','我取消收藏你的项目。',0,'熊永标',NULL,NULL,'2017-09-27 12:32:03','2017-09-27 12:32:03','781d1104cbf3421db9049b76a23ce2d0','781d1104cbf3421db9049b76a23ce2d0',0,0,NULL),('5fd9fd31c44845289e887a73ad78b128','B86F5533AA384C5BBBE3F35A2EE65768','26eb38cfa1dd11e7a86e00163e0a58b3','https://static.daho.club/static/upload/web.echsoft.cn/admin/20170919/n_v2e49a44228b0140d49956df75c4bf904a.jpg','3','我收藏了你的项目。',0,'熊永标',NULL,NULL,'2017-09-27 21:13:14','2017-09-27 21:13:14','36313689cdaa4be1a543ae0b5d8377ee','36313689cdaa4be1a543ae0b5d8377ee',0,0,'https://wx.qlogo.cn/mmopen/vi_32/X60cuzib5Xr9ohhDPYbqicMACrFKXY342GfBWG4A3jrC31T1dAXvP0vwOqtEdtJpNFYj1UnicwVaoFqscPC26CPjw/0'),('601e73eec3e94b8bb05e5371adc8b998','B86F5533AA384C5BBBE3F35A2EE65768','58591aa6a2ad11e7a86e00163e0a58b3','https://static.daho.club/static/upload/web.echsoft.cn/admin/20170919/ljljsdaspio00.jpg','1','我评论了你的项目：‘\'',0,'零风',NULL,NULL,'2017-09-28 10:03:01','2017-09-28 10:03:01','1a1bcad39a614d56a5bd12783e466b68','1a1bcad39a614d56a5bd12783e466b68',0,0,'https://static.daho.club/static/upload/web.daho.club/oNWj80KpvNW5sPKLxGYPtaLKgmD8/20170927/1d5b04dde5214cfcb6fab25d3520982a.jpg'),('63e24f75c7584c49aeb1ec53d21f603d','B86F5533AA384C5BBBE3F35A2EE65768','58591aa6a2ad11e7a86e00163e0a58b3','https://static.daho.club/static/upload/web.echsoft.cn/admin/20170919/ljljsdaspio00.jpg','3','我收藏了你的项目。',0,'合光同尘',NULL,NULL,'2017-09-27 16:59:25','2017-09-27 16:59:25','175eef7e07124b99a28ea22ded324c1c','175eef7e07124b99a28ea22ded324c1c',0,0,NULL),('682d5fbe2922456db2cb273d381e81b2','B86F5533AA384C5BBBE3F35A2EE65768','58591aa6a2ad11e7a86e00163e0a58b3','https://static.daho.club/static/upload/web.echsoft.cn/admin/20170919/ljljsdaspio00.jpg','3','我收藏了你的项目。',0,'零风',NULL,NULL,'2017-09-28 10:05:58','2017-09-28 10:05:58','1a1bcad39a614d56a5bd12783e466b68','1a1bcad39a614d56a5bd12783e466b68',0,0,'https://static.daho.club/static/upload/web.daho.club/oNWj80KpvNW5sPKLxGYPtaLKgmD8/20170927/1d5b04dde5214cfcb6fab25d3520982a.jpg'),('727f1fd3a6a74fd69b751777c762739f','B86F5533AA384C5BBBE3F35A2EE65768','25333dbfa1dd11e7a86e00163e0a58b3','https://static.daho.club/static/upload/web.echsoft.cn/admin/20170919/n_v2b13c4b0188d34d79b06f69245e00408b.jpg','3','我取消收藏你的项目。',0,'熊永标',NULL,NULL,'2017-09-27 12:32:09','2017-09-27 12:32:09','781d1104cbf3421db9049b76a23ce2d0','781d1104cbf3421db9049b76a23ce2d0',0,0,NULL),('72bd8ec60ece416eafe32d3df23bca67','B86F5533AA384C5BBBE3F35A2EE65768','25333dbfa1dd11e7a86e00163e0a58b3','https://static.daho.club/static/upload/web.echsoft.cn/admin/20170919/n_v2b13c4b0188d34d79b06f69245e00408b.jpg','3','我取消收藏你的项目。',0,'熊永标',NULL,NULL,'2017-09-27 12:32:14','2017-09-27 12:32:14','781d1104cbf3421db9049b76a23ce2d0','781d1104cbf3421db9049b76a23ce2d0',0,0,NULL),('77e1172a379749628508f4f6d6b44129','B86F5533AA384C5BBBE3F35A2EE65768','274954e1a1dd11e7a86e00163e0a58b3','https://static.daho.club/static/upload/web.echsoft.cn/admin/20170919/n_v23f1b9df77b61460ea22084da228152a6.jpg','3','我收藏了你的项目。',0,'熊永标',NULL,NULL,'2017-09-27 21:12:49','2017-09-27 21:12:49','36313689cdaa4be1a543ae0b5d8377ee','36313689cdaa4be1a543ae0b5d8377ee',0,0,'https://wx.qlogo.cn/mmopen/vi_32/X60cuzib5Xr9ohhDPYbqicMACrFKXY342GfBWG4A3jrC31T1dAXvP0vwOqtEdtJpNFYj1UnicwVaoFqscPC26CPjw/0'),('7c15b33535554cbc956d1c126683a254','a314c7f5ceae45a79682211091017ca4','97d9173d7ecd409ea5e88e82f5162737','https://static.daho.club/static/upload/web.daho.club/oNWj80OPZA_tvXxf2eIpI-VVqP4E/20170927/9e7cfffd61774716a3465ff7ff5921b7.jpg','1','我评论了你的项目：‘\'',1,'零风',NULL,NULL,'2017-09-27 19:22:29','2017-09-27 19:41:16','1a1bcad39a614d56a5bd12783e466b68','a314c7f5ceae45a79682211091017ca4',0,1,NULL),('84661eeadf954ad8a6a964c069ac37d6','1a1bcad39a614d56a5bd12783e466b68','4454726a0b5c4713b96f751ae6f6ccd1','https://static.daho.club/static/upload/web.daho.club/oNWj80KpvNW5sPKLxGYPtaLKgmD8/20170927/48e17579ef40495cbd9b432a94a64865.png','1','我评论了你的项目：‘\'',1,'零风',NULL,NULL,'2017-09-27 19:34:20','2017-09-27 19:37:22','1a1bcad39a614d56a5bd12783e466b68','1a1bcad39a614d56a5bd12783e466b68',0,1,NULL),('8cb6484a6bcc4fdba4f24db2b8bf3c13','a314c7f5ceae45a79682211091017ca4','97d9173d7ecd409ea5e88e82f5162737','https://static.daho.club/static/upload/web.daho.club/oNWj80OPZA_tvXxf2eIpI-VVqP4E/20170927/9e7cfffd61774716a3465ff7ff5921b7.jpg','1','我评论了你的项目：‘\'',1,'零风',NULL,NULL,'2017-09-27 19:52:36','2017-09-27 19:53:00','1a1bcad39a614d56a5bd12783e466b68','a314c7f5ceae45a79682211091017ca4',0,1,'https://static.daho.club/static/upload/web.daho.club/oNWj80KpvNW5sPKLxGYPtaLKgmD8/20170927/1d5b04dde5214cfcb6fab25d3520982a.jpg'),('b10b0521f89d4030b9043f94446ad3a7','a314c7f5ceae45a79682211091017ca4','97d9173d7ecd409ea5e88e82f5162737','https://static.daho.club/static/upload/web.daho.club/oNWj80OPZA_tvXxf2eIpI-VVqP4E/20170927/9e7cfffd61774716a3465ff7ff5921b7.jpg','1','我评论了你的项目：‘\'',1,'蒋鹏',NULL,NULL,'2017-09-27 19:39:22','2017-09-27 19:41:16','ca7e4d9a2ff1444fa9c89c1d678d9d42','a314c7f5ceae45a79682211091017ca4',0,1,NULL),('c3757845f3c7438591dfae8efdc5051e','B86F5533AA384C5BBBE3F35A2EE65768','246e9bafa1dd11e7a86e00163e0a58b3','https://static.daho.club/static/upload/web.echsoft.cn/admin/20170919/n_v2f2be77a79fa54df5a5d9554b6410bc52.jpg','3','我收藏了你的项目。',0,'熊永标',NULL,NULL,'2017-09-25 18:44:46','2017-09-25 18:44:46','781d1104cbf3421db9049b76a23ce2d0','781d1104cbf3421db9049b76a23ce2d0',0,0,NULL),('c4e6fab455814d8c96fe3d6190c406d7','B86F5533AA384C5BBBE3F35A2EE65768','25333dbfa1dd11e7a86e00163e0a58b3','https://static.daho.club/static/upload/web.echsoft.cn/admin/20170919/n_v2b13c4b0188d34d79b06f69245e00408b.jpg','3','我取消收藏你的项目。',0,'熊永标',NULL,NULL,'2017-09-27 12:31:58','2017-09-27 12:31:58','781d1104cbf3421db9049b76a23ce2d0','781d1104cbf3421db9049b76a23ce2d0',0,0,NULL),('c674ddbb18cd493ca71b9829a46a0884','B86F5533AA384C5BBBE3F35A2EE65768','58591aa6a2ad11e7a86e00163e0a58b3','https://static.daho.club/static/upload/web.echsoft.cn/admin/20170919/ljljsdaspio00.jpg','3','我取消收藏你的项目。',0,'合光同尘',NULL,NULL,'2017-09-27 16:59:29','2017-09-27 16:59:29','175eef7e07124b99a28ea22ded324c1c','175eef7e07124b99a28ea22ded324c1c',0,0,NULL),('d29c721507e746f1b58f3179aac148a3','B86F5533AA384C5BBBE3F35A2EE65768','586549aea2ad11e7a86e00163e0a58b3','https://static.daho.club/static/upload/web.echsoft.cn/admin/20170919/n_v1bkujjdzl2pufnvnki4uq.jpg','3','我收藏了你的项目。',0,'熊永标',NULL,NULL,'2017-09-27 12:32:29','2017-09-27 12:32:29','781d1104cbf3421db9049b76a23ce2d0','781d1104cbf3421db9049b76a23ce2d0',0,0,NULL),('e51695da21cd42108b19221eee2dd767','B86F5533AA384C5BBBE3F35A2EE65768','58591aa6a2ad11e7a86e00163e0a58b3','https://static.daho.club/static/upload/web.echsoft.cn/admin/20170919/ljljsdaspio00.jpg','3','我取消收藏你的项目。',0,'合光同尘',NULL,NULL,'2017-09-27 16:59:27','2017-09-27 16:59:27','175eef7e07124b99a28ea22ded324c1c','175eef7e07124b99a28ea22ded324c1c',0,0,NULL);

UNLOCK TABLES;

/*Table structure for table `noticedetail` */

DROP TABLE IF EXISTS `noticedetail`;

CREATE TABLE `noticedetail` (
  `id` varchar(32) NOT NULL COMMENT '联系表id标识',
  `personalId` varchar(32) NOT NULL COMMENT '接收者，			比如: 零风id..',
  `cdate` datetime DEFAULT NULL COMMENT '创建时间',
  `mdate` datetime DEFAULT NULL COMMENT '最后修改时间',
  `creator` varchar(32) DEFAULT NULL COMMENT '创建人',
  `uman` varchar(32) DEFAULT NULL COMMENT '修改人',
  `df` int(11) DEFAULT '0' COMMENT '是否删除',
  `version` int(11) DEFAULT '0' COMMENT '数据版本',
  PRIMARY KEY (`id`)
) ENGINE=InnoDB DEFAULT CHARSET=utf8;

/*Data for the table `noticedetail` */

LOCK TABLES `noticedetail` WRITE;

UNLOCK TABLES;

/*Table structure for table `previewinformation` */

DROP TABLE IF EXISTS `previewinformation`;

CREATE TABLE `previewinformation` (
  `id` varchar(32) NOT NULL COMMENT '信息预览量Id标识',
  `releaseId` varchar(100) NOT NULL COMMENT '发布信息id',
  `personalId` varchar(100) NOT NULL COMMENT '个人资料Id',
  `cdate` datetime DEFAULT NULL COMMENT '创建时间',
  `mdate` datetime DEFAULT NULL COMMENT '最后修改时间',
  `creator` varchar(32) DEFAULT NULL COMMENT '创建人',
  `uman` varchar(32) DEFAULT NULL COMMENT '修改人',
  `df` int(11) DEFAULT '0' COMMENT '是否删除',
  `version` int(11) DEFAULT '0' COMMENT '数据版本',
  PRIMARY KEY (`id`,`releaseId`,`personalId`)
) ENGINE=InnoDB DEFAULT CHARSET=utf8;

/*Data for the table `previewinformation` */

LOCK TABLES `previewinformation` WRITE;

insert  into `previewinformation`(`id`,`releaseId`,`personalId`,`cdate`,`mdate`,`creator`,`uman`,`df`,`version`) values ('175eef7e07124b99a28ea22ded324c1c','58591aa6a2ad11e7a86e00163e0a58b3','175eef7e07124b99a28ea22ded324c1c','2017-09-26 18:39:26','2017-09-27 17:18:04','175eef7e07124b99a28ea22ded324c1c','175eef7e07124b99a28ea22ded324c1c',0,59),('17f839e5e1c749f59cb681f889300fbe','2779874da1dd11e7a86e00163e0a58b3','17f839e5e1c749f59cb681f889300fbe','2017-09-26 08:56:41','2017-09-26 08:56:41','17f839e5e1c749f59cb681f889300fbe','17f839e5e1c749f59cb681f889300fbe',0,0),('1a1bcad39a614d56a5bd12783e466b68','24a94784a1dd11e7a86e00163e0a58b3','1a1bcad39a614d56a5bd12783e466b68','2017-09-28 11:02:48','2017-09-28 11:02:48','1a1bcad39a614d56a5bd12783e466b68','1a1bcad39a614d56a5bd12783e466b68',0,0),('1a1bcad39a614d56a5bd12783e466b68','24d431f9a1dd11e7a86e00163e0a58b3','1a1bcad39a614d56a5bd12783e466b68','2017-09-28 10:51:58','2017-09-28 10:52:33','1a1bcad39a614d56a5bd12783e466b68','1a1bcad39a614d56a5bd12783e466b68',0,1),('1a1bcad39a614d56a5bd12783e466b68','25333dbfa1dd11e7a86e00163e0a58b3','1a1bcad39a614d56a5bd12783e466b68','2017-09-28 11:02:57','2017-09-28 11:02:57','1a1bcad39a614d56a5bd12783e466b68','1a1bcad39a614d56a5bd12783e466b68',0,0),('1a1bcad39a614d56a5bd12783e466b68','265c0829a1dd11e7a86e00163e0a58b3','1a1bcad39a614d56a5bd12783e466b68','2017-09-28 11:01:30','2017-09-28 11:01:30','1a1bcad39a614d56a5bd12783e466b68','1a1bcad39a614d56a5bd12783e466b68',0,0),('1a1bcad39a614d56a5bd12783e466b68','2682b1f9a1dd11e7a86e00163e0a58b3','1a1bcad39a614d56a5bd12783e466b68','2017-09-28 11:03:02','2017-09-28 11:03:04','1a1bcad39a614d56a5bd12783e466b68','1a1bcad39a614d56a5bd12783e466b68',0,1),('1a1bcad39a614d56a5bd12783e466b68','26a31f06a1dd11e7a86e00163e0a58b3','1a1bcad39a614d56a5bd12783e466b68','2017-09-28 10:54:23','2017-09-28 10:54:23','1a1bcad39a614d56a5bd12783e466b68','1a1bcad39a614d56a5bd12783e466b68',0,0),('1a1bcad39a614d56a5bd12783e466b68','26eb38cfa1dd11e7a86e00163e0a58b3','1a1bcad39a614d56a5bd12783e466b68','2017-09-28 10:49:47','2017-09-28 10:49:47','1a1bcad39a614d56a5bd12783e466b68','1a1bcad39a614d56a5bd12783e466b68',0,0),('1a1bcad39a614d56a5bd12783e466b68','27066ab6a1dd11e7a86e00163e0a58b3','1a1bcad39a614d56a5bd12783e466b68','2017-09-28 09:56:23','2017-09-28 09:56:46','1a1bcad39a614d56a5bd12783e466b68','1a1bcad39a614d56a5bd12783e466b68',0,1),('1a1bcad39a614d56a5bd12783e466b68','270f771ba1dd11e7a86e00163e0a58b3','1a1bcad39a614d56a5bd12783e466b68','2017-09-27 18:21:54','2017-09-28 11:01:15','1a1bcad39a614d56a5bd12783e466b68','1a1bcad39a614d56a5bd12783e466b68',0,2),('1a1bcad39a614d56a5bd12783e466b68','27243ffca1dd11e7a86e00163e0a58b3','1a1bcad39a614d56a5bd12783e466b68','2017-09-28 11:01:21','2017-09-28 11:01:21','1a1bcad39a614d56a5bd12783e466b68','1a1bcad39a614d56a5bd12783e466b68',0,0),('1a1bcad39a614d56a5bd12783e466b68','276eea7ca1dd11e7a86e00163e0a58b3','1a1bcad39a614d56a5bd12783e466b68','2017-09-28 11:01:25','2017-09-28 11:01:25','1a1bcad39a614d56a5bd12783e466b68','1a1bcad39a614d56a5bd12783e466b68',0,0),('1a1bcad39a614d56a5bd12783e466b68','4454726a0b5c4713b96f751ae6f6ccd1','1a1bcad39a614d56a5bd12783e466b68','2017-09-27 19:34:13','2017-09-28 10:22:25','1a1bcad39a614d56a5bd12783e466b68','1a1bcad39a614d56a5bd12783e466b68',0,6),('1a1bcad39a614d56a5bd12783e466b68','58591aa6a2ad11e7a86e00163e0a58b3','1a1bcad39a614d56a5bd12783e466b68','2017-09-27 19:34:44','2017-09-28 10:21:37','1a1bcad39a614d56a5bd12783e466b68','1a1bcad39a614d56a5bd12783e466b68',0,19),('1a1bcad39a614d56a5bd12783e466b68','586549aea2ad11e7a86e00163e0a58b3','1a1bcad39a614d56a5bd12783e466b68','2017-09-28 09:55:49','2017-09-28 10:03:58','1a1bcad39a614d56a5bd12783e466b68','1a1bcad39a614d56a5bd12783e466b68',0,2),('1a1bcad39a614d56a5bd12783e466b68','93d40fceb4c247c0bd279d92a7c6b25b','1a1bcad39a614d56a5bd12783e466b68','2017-09-27 17:27:59','2017-09-27 17:27:59','1a1bcad39a614d56a5bd12783e466b68','1a1bcad39a614d56a5bd12783e466b68',0,0),('1a1bcad39a614d56a5bd12783e466b68','97d9173d7ecd409ea5e88e82f5162737','1a1bcad39a614d56a5bd12783e466b68','2017-09-27 19:22:23','2017-09-27 19:52:24','1a1bcad39a614d56a5bd12783e466b68','1a1bcad39a614d56a5bd12783e466b68',0,2),('1a1bcad39a614d56a5bd12783e466b68','cb1bbbf8388d4364be5858d19f81b3ec','1a1bcad39a614d56a5bd12783e466b68','2017-09-28 10:22:08','2017-09-28 10:22:21','1a1bcad39a614d56a5bd12783e466b68','1a1bcad39a614d56a5bd12783e466b68',0,1),('295063d4d0624d288f11e3d91700a499','16305360e79c4862bf9d2bf9a72b004d','295063d4d0624d288f11e3d91700a499','2017-09-25 23:11:51','2017-09-27 17:05:34','295063d4d0624d288f11e3d91700a499','295063d4d0624d288f11e3d91700a499',0,107),('295063d4d0624d288f11e3d91700a499','97d9173d7ecd409ea5e88e82f5162737','295063d4d0624d288f11e3d91700a499','2017-09-27 19:38:40','2017-09-27 19:38:40','295063d4d0624d288f11e3d91700a499','295063d4d0624d288f11e3d91700a499',0,0),('36313689cdaa4be1a543ae0b5d8377ee','264c27c9a1dd11e7a86e00163e0a58b3','36313689cdaa4be1a543ae0b5d8377ee','2017-09-27 17:38:01','2017-09-27 17:39:00','36313689cdaa4be1a543ae0b5d8377ee','36313689cdaa4be1a543ae0b5d8377ee',0,2),('36313689cdaa4be1a543ae0b5d8377ee','26639ff7a1dd11e7a86e00163e0a58b3','36313689cdaa4be1a543ae0b5d8377ee','2017-09-27 17:53:32','2017-09-27 17:53:38','36313689cdaa4be1a543ae0b5d8377ee','36313689cdaa4be1a543ae0b5d8377ee',0,1),('36313689cdaa4be1a543ae0b5d8377ee','26734db2a1dd11e7a86e00163e0a58b3','36313689cdaa4be1a543ae0b5d8377ee','2017-09-27 17:53:48','2017-09-27 17:53:55','36313689cdaa4be1a543ae0b5d8377ee','36313689cdaa4be1a543ae0b5d8377ee',0,5),('36313689cdaa4be1a543ae0b5d8377ee','26e33feea1dd11e7a86e00163e0a58b3','36313689cdaa4be1a543ae0b5d8377ee','2017-09-27 17:54:20','2017-09-27 17:55:33','36313689cdaa4be1a543ae0b5d8377ee','36313689cdaa4be1a543ae0b5d8377ee',0,5),('36313689cdaa4be1a543ae0b5d8377ee','26eb38cfa1dd11e7a86e00163e0a58b3','36313689cdaa4be1a543ae0b5d8377ee','2017-09-27 21:13:02','2017-09-27 21:13:13','36313689cdaa4be1a543ae0b5d8377ee','36313689cdaa4be1a543ae0b5d8377ee',0,1),('36313689cdaa4be1a543ae0b5d8377ee','26fd1aeea1dd11e7a86e00163e0a58b3','36313689cdaa4be1a543ae0b5d8377ee','2017-09-27 17:54:26','2017-09-27 17:54:28','36313689cdaa4be1a543ae0b5d8377ee','36313689cdaa4be1a543ae0b5d8377ee',0,2),('36313689cdaa4be1a543ae0b5d8377ee','27243ffca1dd11e7a86e00163e0a58b3','36313689cdaa4be1a543ae0b5d8377ee','2017-09-27 21:11:28','2017-09-27 21:11:46','36313689cdaa4be1a543ae0b5d8377ee','36313689cdaa4be1a543ae0b5d8377ee',0,1),('36313689cdaa4be1a543ae0b5d8377ee','2735656ea1dd11e7a86e00163e0a58b3','36313689cdaa4be1a543ae0b5d8377ee','2017-09-27 21:11:56','2017-09-27 21:14:04','36313689cdaa4be1a543ae0b5d8377ee','36313689cdaa4be1a543ae0b5d8377ee',0,2),('36313689cdaa4be1a543ae0b5d8377ee','275129d7a1dd11e7a86e00163e0a58b3','36313689cdaa4be1a543ae0b5d8377ee','2017-09-27 21:08:44','2017-09-27 21:12:01','36313689cdaa4be1a543ae0b5d8377ee','36313689cdaa4be1a543ae0b5d8377ee',0,1),('36313689cdaa4be1a543ae0b5d8377ee','276eea7ca1dd11e7a86e00163e0a58b3','36313689cdaa4be1a543ae0b5d8377ee','2017-09-27 21:09:05','2017-09-27 21:09:05','36313689cdaa4be1a543ae0b5d8377ee','36313689cdaa4be1a543ae0b5d8377ee',0,0),('36313689cdaa4be1a543ae0b5d8377ee','2779874da1dd11e7a86e00163e0a58b3','36313689cdaa4be1a543ae0b5d8377ee','2017-09-27 17:54:16','2017-09-27 19:41:46','36313689cdaa4be1a543ae0b5d8377ee','36313689cdaa4be1a543ae0b5d8377ee',0,2),('36313689cdaa4be1a543ae0b5d8377ee','58591aa6a2ad11e7a86e00163e0a58b3','36313689cdaa4be1a543ae0b5d8377ee','2017-09-27 17:54:08','2017-09-27 20:18:16','36313689cdaa4be1a543ae0b5d8377ee','36313689cdaa4be1a543ae0b5d8377ee',0,10),('36313689cdaa4be1a543ae0b5d8377ee','586549aea2ad11e7a86e00163e0a58b3','36313689cdaa4be1a543ae0b5d8377ee','2017-09-27 17:54:05','2017-09-27 18:38:13','36313689cdaa4be1a543ae0b5d8377ee','36313689cdaa4be1a543ae0b5d8377ee',0,5),('6aba6bc6d5d04066b7c90117b2f438fa','26e33feea1dd11e7a86e00163e0a58b3','6aba6bc6d5d04066b7c90117b2f438fa','2017-09-27 19:16:05','2017-09-27 19:16:05','6aba6bc6d5d04066b7c90117b2f438fa','6aba6bc6d5d04066b7c90117b2f438fa',0,0),('6aba6bc6d5d04066b7c90117b2f438fa','26eb38cfa1dd11e7a86e00163e0a58b3','6aba6bc6d5d04066b7c90117b2f438fa','2017-09-27 19:16:33','2017-09-27 19:16:33','6aba6bc6d5d04066b7c90117b2f438fa','6aba6bc6d5d04066b7c90117b2f438fa',0,0),('6aba6bc6d5d04066b7c90117b2f438fa','58591aa6a2ad11e7a86e00163e0a58b3','6aba6bc6d5d04066b7c90117b2f438fa','2017-09-27 19:16:51','2017-09-27 19:16:51','6aba6bc6d5d04066b7c90117b2f438fa','6aba6bc6d5d04066b7c90117b2f438fa',0,0),('6aba6bc6d5d04066b7c90117b2f438fa','586549aea2ad11e7a86e00163e0a58b3','6aba6bc6d5d04066b7c90117b2f438fa','2017-09-27 19:16:39','2017-09-27 19:16:39','6aba6bc6d5d04066b7c90117b2f438fa','6aba6bc6d5d04066b7c90117b2f438fa',0,0),('781d1104cbf3421db9049b76a23ce2d0','2762e610a1dd11e7a86e00163e0a58b3','781d1104cbf3421db9049b76a23ce2d0','2017-09-25 18:41:28','2017-09-27 17:18:56','781d1104cbf3421db9049b76a23ce2d0','781d1104cbf3421db9049b76a23ce2d0',0,104),('7fad9bc7f7dc4d828a4342f49cbf8ccc','273dcbcaa1dd11e7a86e00163e0a58b3','7fad9bc7f7dc4d828a4342f49cbf8ccc','2017-09-26 19:15:54','2017-09-26 19:15:54','7fad9bc7f7dc4d828a4342f49cbf8ccc','7fad9bc7f7dc4d828a4342f49cbf8ccc',0,0),('9be91f23a6544fa78a62c123cc219b61','58591aa6a2ad11e7a86e00163e0a58b3','9be91f23a6544fa78a62c123cc219b61','2017-09-26 22:26:58','2017-09-26 22:27:11','9be91f23a6544fa78a62c123cc219b61','9be91f23a6544fa78a62c123cc219b61',0,1),('a314c7f5ceae45a79682211091017ca4','26f49df6a1dd11e7a86e00163e0a58b3','a314c7f5ceae45a79682211091017ca4','2017-09-27 18:39:33','2017-09-27 18:39:33','a314c7f5ceae45a79682211091017ca4','a314c7f5ceae45a79682211091017ca4',0,0),('a314c7f5ceae45a79682211091017ca4','26fd1aeea1dd11e7a86e00163e0a58b3','a314c7f5ceae45a79682211091017ca4','2017-09-27 18:39:22','2017-09-27 18:39:22','a314c7f5ceae45a79682211091017ca4','a314c7f5ceae45a79682211091017ca4',0,0),('a314c7f5ceae45a79682211091017ca4','964d56b4dca94c7e8c459d3f38f4282d','a314c7f5ceae45a79682211091017ca4','2017-09-27 18:56:33','2017-09-27 18:56:33','a314c7f5ceae45a79682211091017ca4','a314c7f5ceae45a79682211091017ca4',0,0),('a314c7f5ceae45a79682211091017ca4','97d9173d7ecd409ea5e88e82f5162737','a314c7f5ceae45a79682211091017ca4','2017-09-27 19:17:34','2017-09-27 19:53:01','a314c7f5ceae45a79682211091017ca4','a314c7f5ceae45a79682211091017ca4',0,13),('ca7e4d9a2ff1444fa9c89c1d678d9d42','26f49df6a1dd11e7a86e00163e0a58b3','ca7e4d9a2ff1444fa9c89c1d678d9d42','2017-09-28 11:15:44','2017-09-28 11:15:44','ca7e4d9a2ff1444fa9c89c1d678d9d42','ca7e4d9a2ff1444fa9c89c1d678d9d42',0,0),('ca7e4d9a2ff1444fa9c89c1d678d9d42','2779874da1dd11e7a86e00163e0a58b3','ca7e4d9a2ff1444fa9c89c1d678d9d42','2017-09-28 11:23:54','2017-09-28 11:23:54','ca7e4d9a2ff1444fa9c89c1d678d9d42','ca7e4d9a2ff1444fa9c89c1d678d9d42',0,0),('ca7e4d9a2ff1444fa9c89c1d678d9d42','58591aa6a2ad11e7a86e00163e0a58b3','ca7e4d9a2ff1444fa9c89c1d678d9d42','2017-09-28 10:30:18','2017-09-28 11:24:03','ca7e4d9a2ff1444fa9c89c1d678d9d42','ca7e4d9a2ff1444fa9c89c1d678d9d42',0,1),('ca7e4d9a2ff1444fa9c89c1d678d9d42','586549aea2ad11e7a86e00163e0a58b3','ca7e4d9a2ff1444fa9c89c1d678d9d42','2017-09-28 10:30:12','2017-09-28 10:30:12','ca7e4d9a2ff1444fa9c89c1d678d9d42','ca7e4d9a2ff1444fa9c89c1d678d9d42',0,0),('ca7e4d9a2ff1444fa9c89c1d678d9d42','97d9173d7ecd409ea5e88e82f5162737','ca7e4d9a2ff1444fa9c89c1d678d9d42','2017-09-27 19:39:11','2017-09-27 19:39:11','ca7e4d9a2ff1444fa9c89c1d678d9d42','ca7e4d9a2ff1444fa9c89c1d678d9d42',0,0),('ceb8c307861f4ccbb58b50fae324fc1b','58591aa6a2ad11e7a86e00163e0a58b3','ceb8c307861f4ccbb58b50fae324fc1b','2017-09-26 08:56:50','2017-09-27 17:06:52','ceb8c307861f4ccbb58b50fae324fc1b','ceb8c307861f4ccbb58b50fae324fc1b',0,80);

UNLOCK TABLES;

/*Table structure for table `releaseinfo` */

DROP TABLE IF EXISTS `releaseinfo`;

CREATE TABLE `releaseinfo` (
  `id` varchar(32) NOT NULL COMMENT '发布信息Id标识',
  `releaseType` varchar(64) DEFAULT NULL COMMENT '发布类型',
  `personalId` varchar(64) DEFAULT NULL COMMENT '个人资料id',
  `title` varchar(128) DEFAULT NULL COMMENT '标题',
  `threshold` double DEFAULT NULL COMMENT '入伙门槛，转让门槛,加盟金额,购入门槛，投资金额，代理金额,需要金额',
  `industryChoice` varchar(255) DEFAULT NULL COMMENT '行业选择',
  `fundDistribution` varchar(255) DEFAULT NULL COMMENT '资金布局',
  `projectDescription` varchar(1024) DEFAULT NULL COMMENT '项目描述',
  `incomeDescription` varchar(1024) DEFAULT NULL COMMENT '收益描述',
  `teamIntroduction` varchar(255) DEFAULT NULL COMMENT '公司/团队介绍',
  `phone` varchar(11) DEFAULT NULL COMMENT '联系方式',
  `imageArray` varchar(1024) DEFAULT NULL COMMENT '图片数组',
  `publisherIdentity` varchar(255) DEFAULT NULL COMMENT '发布人身份',
  `geographicalPosition` varchar(255) DEFAULT NULL COMMENT '地理位置',
  `operatingArea` varchar(255) DEFAULT NULL COMMENT '经营面积',
  `monthlyRent` varchar(255) DEFAULT NULL COMMENT '每月租金',
  `businessDescription` varchar(255) DEFAULT NULL COMMENT '经营描述',
  `transferReason` varchar(255) DEFAULT NULL COMMENT '转让原因',
  `throwInTheCity` varchar(255) DEFAULT NULL COMMENT '投放城市',
  `headquartersLocation` varchar(255) DEFAULT NULL COMMENT '总部位置',
  `resourceRequirements` varchar(255) DEFAULT NULL COMMENT '技能/资源要求',
  `shareDivision` varchar(255) DEFAULT NULL COMMENT '股份划分',
  `productType` varchar(255) DEFAULT NULL COMMENT '产品种类',
  `houseType` varchar(255) DEFAULT NULL COMMENT '房产类型',
  `projectAdvantage` varchar(255) DEFAULT NULL COMMENT '项目优势',
  `productCategory` varchar(255) DEFAULT NULL COMMENT '产品类目',
  `productHighlights` varchar(255) DEFAULT NULL COMMENT '产品亮点',
  `currentCity` varchar(255) DEFAULT NULL COMMENT '当前城市',
  `agentCondition` varchar(255) DEFAULT NULL COMMENT '代理条件',
  `agencyRule` varchar(255) DEFAULT NULL COMMENT '代理规则',
  `top` int(1) DEFAULT '0' COMMENT '置顶',
  `cdate` datetime DEFAULT NULL COMMENT '创建时间',
  `mdate` datetime DEFAULT NULL COMMENT '最后修改时间',
  `creator` varchar(32) DEFAULT NULL COMMENT '创建人',
  `uman` varchar(32) DEFAULT NULL COMMENT '修改人',
  `df` int(11) DEFAULT '0' COMMENT '是否删除',
  `version` int(11) DEFAULT '0' COMMENT '数据版本',
  PRIMARY KEY (`id`)
) ENGINE=InnoDB DEFAULT CHARSET=utf8;

/*Data for the table `releaseinfo` */

LOCK TABLES `releaseinfo` WRITE;

insert  into `releaseinfo`(`id`,`releaseType`,`personalId`,`title`,`threshold`,`industryChoice`,`fundDistribution`,`projectDescription`,`incomeDescription`,`teamIntroduction`,`phone`,`imageArray`,`publisherIdentity`,`geographicalPosition`,`operatingArea`,`monthlyRent`,`businessDescription`,`transferReason`,`throwInTheCity`,`headquartersLocation`,`resourceRequirements`,`shareDivision`,`productType`,`houseType`,`projectAdvantage`,`productCategory`,`productHighlights`,`currentCity`,`agentCondition`,`agencyRule`,`top`,`cdate`,`mdate`,`creator`,`uman`,`df`,`version`) values ('228a2057a1dd11e7a86e00163e0a58b3','生意转让','B86F5533AA384C5BBBE3F35A2EE65768','急转白云公园附近汽修店4410m²',6.5,'汽车',NULL,NULL,NULL,NULL,'18286199929','web.echsoft.cn/admin/20170919/n_v254069d78b5a84e6385c8c498591b3646.jpg','个人','白云南路','4410','98','急转','因本人有其它项目经验，急需资金周转，现将白云公园附近盈利汽修店铺转让，设备手续齐全，白菜价转让，转手即可经营盈利',NULL,NULL,NULL,NULL,NULL,NULL,NULL,NULL,NULL,'贵阳',NULL,NULL,0,'2017-09-25 18:34:39','2017-09-25 18:34:39','B86F5533AA384C5BBBE3F35A2EE65768','B86F5533AA384C5BBBE3F35A2EE65768',0,0),('22955c6da1dd11e7a86e00163e0a58b3','生意转让','B86F5533AA384C5BBBE3F35A2EE65768','花二道入口处人行天桥旁洗车店转让',2,'汽车',NULL,NULL,NULL,NULL,'15685151555','web.echsoft.cn/admin/20170919/n_v2e8be64b60d6a4d53a975792a64db9d52.jpg,web.echsoft.cn/admin/20170919/n_v23a373c6fe6d94ae18d66c1929ff56315.jpg,web.echsoft.cn/admin/20170919/n_v233cdb1effabc47b58cf3d7c0b038ece1.jpg,web.echsoft.cn/admin/20170919/n_v240704a194ad24f85a4181d3a307bd0e3.jpg','个人','花溪花二道入口处天桥边','200','5800','位置靠花二道路边车流量大 有固定的客户','现因本人无时间管理 急须将该洗车场转租（本人既是房东）接手既可营利 还可增加经营项目（本人只做洗车）如果增加经营项目 生意会更好 欢迎有意者来现场实地查看！',NULL,NULL,NULL,NULL,NULL,NULL,NULL,NULL,NULL,'贵阳',NULL,NULL,0,'2017-09-25 18:34:39','2017-09-25 18:34:39','B86F5533AA384C5BBBE3F35A2EE65768','B86F5533AA384C5BBBE3F35A2EE65768',0,0),('229e26c8a1dd11e7a86e00163e0a58b3','生意转让','B86F5533AA384C5BBBE3F35A2EE65768','开阳消防队汽修美容店转让90m²',2.8,'汽车',NULL,NULL,NULL,NULL,'17608504928','web.echsoft.cn/admin/20170919/n_v2f48d9a3120f449d8a6dc0b30b533e66a.jpg,web.echsoft.cn/admin/20170919/n_v2fd7f53cd6a794dff89cd0c063177acd3.jpg,web.echsoft.cn/admin/20170919/n_v22aa0ec2afab34d588bbd46b45c1db6d0.jpg,web.echsoft.cn/admin/20170919/n_v27ac02ff4c81e4d30a695225410fb88b9.jpg,web.echsoft.cn/admin/20170919/n_v266895cf28bde4378963ac5a102632b57.jpg','个人','开阳','90','1500','客户有稳定的，店里还有很多配件，工具，设备齐全，接手就能运营了，每天平均50多块钱的花销就够了！房租还有2个月的，店里还有各种机油 不想要的，可以优惠','准备结婚，老婆家让我们去做生意，一个人也忙不过来！',NULL,NULL,NULL,NULL,NULL,NULL,NULL,NULL,NULL,'贵阳',NULL,NULL,0,'2017-09-25 18:34:39','2017-09-25 18:34:39','B86F5533AA384C5BBBE3F35A2EE65768','B86F5533AA384C5BBBE3F35A2EE65768',0,0),('22a7a482a1dd11e7a86e00163e0a58b3','生意转让','B86F5533AA384C5BBBE3F35A2EE65768','新寨路老车库斜对面汽修美容转让',3,'汽车',NULL,NULL,NULL,NULL,'13511931188','web.echsoft.cn/admin/20170919/n_v2393cb5cb249046179ca0f71cecbb2d0d.jpg','个人','新寨路老车库斜对面','65','2300','地处交通方便，人流车流大，适合经营各种生意，门面可以空转，中介勿扰','',NULL,NULL,NULL,NULL,NULL,NULL,NULL,NULL,NULL,'贵阳',NULL,NULL,0,'2017-09-25 18:34:39','2017-09-25 18:34:39','B86F5533AA384C5BBBE3F35A2EE65768','B86F5533AA384C5BBBE3F35A2EE65768',0,0),('22b06107a1dd11e7a86e00163e0a58b3','生意转让','B86F5533AA384C5BBBE3F35A2EE65768','花溪孟关新街中段友缘洗车美容转',5,'汽车',NULL,NULL,NULL,NULL,'15285174683','web.echsoft.cn/admin/20170919/n_v1bkuyfvp3mupft7ihvy6q.jpg,web.echsoft.cn/admin/20170919/n_v1bkuymc74mupfs3y3i4qa.jpg,web.echsoft.cn/admin/20170919/n_v1bl2lwkh2mupfsjaosj2q.jpg,web.echsoft.cn/admin/20170919/n_v1bl2lwwp3mupfsgw4zacq.jpg','个人','花溪孟关新街中段','100','3300','三间门面俩大一小，总面积100多个平方。房租是4万一年可以半年一付签的合同是三年有效！','因另有其它事忙不过来特底价转让（5万元）',NULL,NULL,NULL,NULL,NULL,NULL,NULL,NULL,NULL,'贵阳',NULL,NULL,0,'2017-09-25 18:34:39','2017-09-25 18:34:39','B86F5533AA384C5BBBE3F35A2EE65768','B86F5533AA384C5BBBE3F35A2EE65768',0,0),('22b8e602a1dd11e7a86e00163e0a58b3','生意转让','B86F5533AA384C5BBBE3F35A2EE65768','三桥新发汽车装饰城汽修美容转120m²',4,'汽车',NULL,NULL,NULL,NULL,'18111916110','web.echsoft.cn/admin/20170919/n_v2c9a5f049408b47b498c77d31a164aab6.jpg,web.echsoft.cn/admin/20170919/n_v25d2b4c1aae5d4aa3b61a03b59b08a2fb.jpg,web.echsoft.cn/admin/20170919/n_v26b3a97d8617441f2ac5bc59e5cc9b09d.jpg,web.echsoft.cn/admin/20170919/n_v259f1307a8b51413db9787306b6af720d.jpg','个人','三桥新发汽车装饰城','120','4500','急转','本店因老板工作忙，无时间经营及管理',NULL,NULL,NULL,NULL,NULL,NULL,NULL,NULL,NULL,'贵阳',NULL,NULL,0,'2017-09-25 18:34:40','2017-09-25 18:34:40','B86F5533AA384C5BBBE3F35A2EE65768','B86F5533AA384C5BBBE3F35A2EE65768',0,0),('22d099e1a1dd11e7a86e00163e0a58b3','生意转让','B86F5533AA384C5BBBE3F35A2EE65768','花溪中曹司洗车装饰美容转让300m²',8.6,'汽车',NULL,NULL,NULL,NULL,'13985478213','web.echsoft.cn/admin/20170919/n_v2abae813e4b7849118b646961be6a6e57.jpg,web.echsoft.cn/admin/20170919/n_v2e7b53ec62d6a4bb697cbb95c842bc0eb.jpg,web.echsoft.cn/admin/20170919/n_v21f16c80f75e1484796c046d321f63f21.jpg,web.echsoft.cn/admin/20170919/n_v28dde4ea36b9e4f2ba771762ea9568b96.jpg,web.echsoft.cn/admin/20170919/n_v22246347863624c109c9a77d2e5777b60.jpg','个人','花溪中曹司旁','300','3000','有固定客源，免费停车，井水洗车，不要水费，场地大可做维修保养，洗车设备全，接手可营业，月租3千，按季交，还可夜间洗车。转让费8.6万，非诚勿扰，请中介勿扰。汇丰大酒店内。中曹司旁。','因有其他业务，现转让老店洗车场',NULL,NULL,NULL,NULL,NULL,NULL,NULL,NULL,NULL,'贵阳',NULL,NULL,0,'2017-09-25 18:34:40','2017-09-25 18:34:40','B86F5533AA384C5BBBE3F35A2EE65768','B86F5533AA384C5BBBE3F35A2EE65768',0,0),('22dc2172a1dd11e7a86e00163e0a58b3','生意转让','B86F5533AA384C5BBBE3F35A2EE65768','乌当区肉联厂餐饮店转让50m²',6,'餐饮',NULL,NULL,NULL,NULL,'13595015425','web.echsoft.cn/admin/20170919/n_v2cea19d9c676d49628ba358549f29b625.jpg,web.echsoft.cn/admin/20170919/n_v21eab31f7f98147e2b36c0a165c7e4688.jpg','个人','贵州省贵阳市乌当区肉联厂','50','3000','急转','因为家里人人车祸，没有人照顾，所以忍痛转让',NULL,NULL,NULL,NULL,NULL,NULL,NULL,NULL,NULL,'贵阳',NULL,NULL,0,'2017-09-25 18:34:40','2017-09-25 18:34:40','B86F5533AA384C5BBBE3F35A2EE65768','B86F5533AA384C5BBBE3F35A2EE65768',0,0),('22e72748a1dd11e7a86e00163e0a58b3','生意转让','B86F5533AA384C5BBBE3F35A2EE65768','三桥转湾塘汽修美容转让110m²',12,'汽车',NULL,NULL,NULL,NULL,'18608518122','web.echsoft.cn/admin/20170919/n_v2c8ecb00656964d5fbc3bb0f395eab5ee.jpg,web.echsoft.cn/admin/20170919/n_v2db2ee5c741e54fd0b45b6ef8e0492dd2.jpg,web.echsoft.cn/admin/20170919/n_v2dd8325e92de64c2a84c01f957c0b59b0.jpg,web.echsoft.cn/admin/20170919/n_v250e69081f7fa4630adeb5852dc5cc046.jpg','个人','转湾塘216号品牌连锁店','110','4500','十二年品牌连锁店，新装修，设备齐全，带洗车证，还有三类汽修资格证。接手就可做。','因老板出国才转让。',NULL,NULL,NULL,NULL,NULL,NULL,NULL,NULL,NULL,'贵阳',NULL,NULL,0,'2017-09-25 18:34:40','2017-09-25 18:34:40','B86F5533AA384C5BBBE3F35A2EE65768','B86F5533AA384C5BBBE3F35A2EE65768',0,0),('22f0e81da1dd11e7a86e00163e0a58b3','生意转让','B86F5533AA384C5BBBE3F35A2EE65768','金华物流园林东收费站汽修美容店转',7,'汽车',NULL,NULL,NULL,NULL,'17784188841','web.echsoft.cn/admin/20170919/n_v29edcb035544c478980bf588ec3114327.jpg,web.echsoft.cn/admin/20170919/n_v2356f76dcc96448e0a21f72dba5af1fc0.jpg,web.echsoft.cn/admin/20170919/n_v27467666b1f784b41b87b9243d1ab3554.jpg','个人','金华物流园 林东收费站','500','6000','距200m是贵阳大现代物流产业园，金华镇政府，近高速收费站出口，离金阳新客站及贵阳西南商贸城2km。转让所有机修，钣金，喷漆，洗车美容，办公用品等等设备。设备齐全，有汽修营业执照。','',NULL,NULL,NULL,NULL,NULL,NULL,NULL,NULL,NULL,'贵阳',NULL,NULL,0,'2017-09-25 18:34:40','2017-09-25 18:34:40','B86F5533AA384C5BBBE3F35A2EE65768','B86F5533AA384C5BBBE3F35A2EE65768',0,0),('22f90134a1dd11e7a86e00163e0a58b3','生意转让','B86F5533AA384C5BBBE3F35A2EE65768','石板物流园旁汽修美容店转让200m²',5,'汽车',NULL,NULL,NULL,NULL,'13984414441','web.echsoft.cn/admin/20170919/n_v2b394d03d5347429c9ffda9791417f970.jpg,web.echsoft.cn/admin/20170919/n_v2b87607710512439fb7d39b57200d3b43.jpg,web.echsoft.cn/admin/20170919/n_v28d8b6e02a21d4007a700f293ddc719c3.jpg,web.echsoft.cn/admin/20170919/n_v2981f38ba729140769f0ce3afd2926405.jpg','个人','石板物流园石板镇入口处','200','5000','两个洗车位，一个美容位，一间小商品展室和一间客户休息室，洗车设备全部都是高端大品牌设备有质量保障，6月份才投入使用，有工人三名。','因没有精力经营不得不转让，欢迎咨询考察。',NULL,NULL,NULL,NULL,NULL,NULL,NULL,NULL,NULL,'贵阳',NULL,NULL,0,'2017-09-25 18:34:40','2017-09-25 18:34:40','B86F5533AA384C5BBBE3F35A2EE65768','B86F5533AA384C5BBBE3F35A2EE65768',0,0),('230249a7a1dd11e7a86e00163e0a58b3','生意转让','B86F5533AA384C5BBBE3F35A2EE65768','蟠桃宫大桥下面汽修美容转让120m²',12,'汽车',NULL,NULL,NULL,NULL,'15180803361','web.echsoft.cn/admin/20170919/n_v2a89ef14d3f3049f891cef23bc51aa1fc.jpg,web.echsoft.cn/admin/20170919/n_v2e5417597a9ec4ec58c9064c3870d05c8.jpg,web.echsoft.cn/admin/20170919/n_v28de4e1fd835b48678a9cda70a8b3a513.jpg,web.echsoft.cn/admin/20170919/n_v290f92e8accf84bac8375682993205f66.jpg,web.echsoft.cn/admin/20170919/n_v2468e60678c0e45e0865641774dcc5401.jpg,web.echsoft.cn/admin/20170919/n_v294695e59ef2c4a42b178fcaf7bf3ce3a.jpg','个人','蟠桃宫大桥下','120','2600','生意好了场地不够用要换大点的地方、手续齐全、所有设备一起转','',NULL,NULL,NULL,NULL,NULL,NULL,NULL,NULL,NULL,'贵阳',NULL,NULL,0,'2017-09-25 18:34:40','2017-09-25 18:34:40','B86F5533AA384C5BBBE3F35A2EE65768','B86F5533AA384C5BBBE3F35A2EE65768',0,0),('2311b609a1dd11e7a86e00163e0a58b3','生意转让','B86F5533AA384C5BBBE3F35A2EE65768','大山洞云环中路汽修厂+洗车场转让',5,'汽车',NULL,NULL,NULL,NULL,'13595040886','web.echsoft.cn/admin/20170919/n_v2b2e55c9650644f7ba12f3f809646a614.jpg,web.echsoft.cn/admin/20170919/n_v2d5f4baf46d7b44608810f0da14f24f56.jpg,web.echsoft.cn/admin/20170919/n_v2dbe52fab7a8443c3b4a22ce444bda07c.jpg,web.echsoft.cn/admin/20170919/n_v27f994889a3df44fab74bc1a4fa447241.jpg,web.echsoft.cn/admin/20170919/n_v227c935b189bc46698e158c3715f495bb.jpg,web.echsoft.cn/admin/20170919/n_v263c33d55f69a445cacb184be115726ef.jpg','个人','云环中路','350','4200','修理厂位于云环中路黔北食城旁，现在做的是底盘件，易损件，钣金喷漆，美孚机油快修快保，洗车补胎。生意一直都好','因为孩子读书无人照管，所以忍痛转让，如果诚心的朋友需要可以来电直接咨询现场考察，具体的详谈。',NULL,NULL,NULL,NULL,NULL,NULL,NULL,NULL,NULL,'贵阳',NULL,NULL,0,'2017-09-25 18:34:40','2017-09-25 18:34:40','B86F5533AA384C5BBBE3F35A2EE65768','B86F5533AA384C5BBBE3F35A2EE65768',0,0),('23197e0da1dd11e7a86e00163e0a58b3','生意转让','B86F5533AA384C5BBBE3F35A2EE65768','兴关路黄金地段汽修美容转让40m²',30,'汽车',NULL,NULL,NULL,NULL,'13765808909','web.echsoft.cn/admin/20170919/n_v2aa9656bb463c4433be46d89a4fe1e879.jpg','个人','兴关路','40','7000','黄金地段10年老店 刚装修不到一年 设备齐全接手可营。 库存300条轮胎左右','因本人其他发展没有时间管理忍痛转让',NULL,NULL,NULL,NULL,NULL,NULL,NULL,NULL,NULL,'贵阳',NULL,NULL,0,'2017-09-25 18:34:40','2017-09-25 18:34:40','B86F5533AA384C5BBBE3F35A2EE65768','B86F5533AA384C5BBBE3F35A2EE65768',0,0),('23241204a1dd11e7a86e00163e0a58b3','生意转让','B86F5533AA384C5BBBE3F35A2EE65768','开阳盈利合法世纪佳苑洗车场低价转让',3.3,'汽车',NULL,NULL,NULL,NULL,'13511944444','web.echsoft.cn/admin/20170919/n_v2b234454fac2f49adbe66db9ebba2bc24.jpg,web.echsoft.cn/admin/20170919/n_v2c5881b0618184c309c83fd7244f5037e.jpg,web.echsoft.cn/admin/20170919/n_v2e91b8f5a145540be92b691a0b8401c68.jpg,web.echsoft.cn/admin/20170919/n_v20dfe43e37c8a48b9ba2f5c24b1184a04.jpg,web.echsoft.cn/admin/20170919/n_v24b57db86888b40f0b2b4762ebfc8ea18.jpg,web.echsoft.cn/admin/20170919/n_v28711a9ce599d49bc8cad9aaa385ba751.jpg','个人','开阳城关镇世纪佳苑A1栋','100','2500','之前开阳大整顿，所有不合法的洗车场都关闭了，目前开阳就三家洗车场允许开门营业！本洗车场就是其中一家！手续齐全！店铺地址在城关镇消防队旁世纪佳苑小区A栋内，洗车场器械完好完整，泡沫机、洗衣机、热水器等应有尽有，排水设施完善，位于开阳成熟大楼盘社区世纪佳苑，人流量大。无畏检查！不用开开关关！中介勿扰，非诚勿扰。','',NULL,NULL,NULL,NULL,NULL,NULL,NULL,NULL,NULL,'贵阳',NULL,NULL,0,'2017-09-25 18:34:40','2017-09-25 18:34:40','B86F5533AA384C5BBBE3F35A2EE65768','B86F5533AA384C5BBBE3F35A2EE65768',0,0),('232d840fa1dd11e7a86e00163e0a58b3','生意转让','B86F5533AA384C5BBBE3F35A2EE65768','新添寨观溪北路金僖家园汽修美容转让',26,'汽车',NULL,NULL,NULL,NULL,'13608513642','web.echsoft.cn/admin/20170919/n_v1bj3gzrz4ribvsmrjbrla.jpg,web.echsoft.cn/admin/20170919/n_v1bj3gzrz4ribvttwea5iq.jpg,web.echsoft.cn/admin/20170919/n_v1bl2lwkb4ribvt4u2qz6q.jpg,web.echsoft.cn/admin/20170919/n_v1bl2lwkb4ribvtku5eqma.jpg,web.echsoft.cn/admin/20170919/n_v1bl2lwkb4ribvtv5jzmqa.jpg','个人','观溪北路金僖家园','200','14000','本店已经经营了五年的时间……去年9月全新装修……装修费都花了十一万多……所有汽车维修设备工具都有……业务现有……直接上手就做：停车也方便～周边都是小区住户！','',NULL,NULL,NULL,NULL,NULL,NULL,NULL,NULL,NULL,'贵阳',NULL,NULL,0,'2017-09-25 18:34:40','2017-09-25 18:34:40','B86F5533AA384C5BBBE3F35A2EE65768','B86F5533AA384C5BBBE3F35A2EE65768',0,0),('23394254a1dd11e7a86e00163e0a58b3','生意转让','B86F5533AA384C5BBBE3F35A2EE65768','清镇庙儿山车六家漆修美容装饰150m²',3.3,'汽车',NULL,NULL,NULL,NULL,'15185419047','web.echsoft.cn/admin/20170919/n_v2fe9e8533a12a40ce9ab324c82ef3d205.jpg,web.echsoft.cn/admin/20170919/n_v28138c38222c542cea040137e97712381.jpg','个人','清镇 庙儿山','150','2600','这里什么都有 可洗车 喷漆 机修 搞装饰这些 只是没有升降器 这里的车流量挺大的','只是因个人只会喷漆 不会搞其他的 租这么大的门面也是浪费 在说媳妇即将生孩子了也没个吧人帮帮忙 也洗不了车 所以想把他转让出去 有意者可联系我地址：贵阳市清镇市庙儿山塔峰路中国石油加油站背后96栋',NULL,NULL,NULL,NULL,NULL,NULL,NULL,NULL,NULL,'贵阳',NULL,NULL,0,'2017-09-25 18:34:40','2017-09-25 18:34:40','B86F5533AA384C5BBBE3F35A2EE65768','B86F5533AA384C5BBBE3F35A2EE65768',0,0),('2341c95ea1dd11e7a86e00163e0a58b3','生意转让','B86F5533AA384C5BBBE3F35A2EE65768','南湖新区南湖路36号汽修美容转让',30,'汽车',NULL,NULL,NULL,NULL,'18212009215','web.echsoft.cn/admin/20170919/n_v2c744238d1fd04c958f061fa1901f6c77.jpg,web.echsoft.cn/admin/20170919/n_v29ee2eb3f1e9a48728c8fdd3c4b47912a.jpg,web.echsoft.cn/admin/20170919/n_v29007afb826324f009a3ab819c6743cb2.jpg,web.echsoft.cn/admin/20170919/n_v29580f8bddc7c4e22abd88767853b059d.jpg','个人','南湖路36号','300','1100','意见不和 所以转让 合伙也行 地方是个能大展拳脚的好地方 有5个工位2个举升机位置 喷漆房 洗车位二个 休息一个 办公室一个 厕所 厨房 员工宿舍 都有 来直接上手','',NULL,NULL,NULL,NULL,NULL,NULL,NULL,NULL,NULL,'贵阳',NULL,NULL,0,'2017-09-25 18:34:40','2017-09-25 18:34:40','B86F5533AA384C5BBBE3F35A2EE65768','B86F5533AA384C5BBBE3F35A2EE65768',0,0),('2349cdafa1dd11e7a86e00163e0a58b3','生意转让','B86F5533AA384C5BBBE3F35A2EE65768','高新区中高档汽车美容店转让420m²',12,'汽车',NULL,NULL,NULL,NULL,'13908518922','web.echsoft.cn/admin/20170919/n_v2d2a39e77c7d143b99bbc59c1ca031ccf.jpg,web.echsoft.cn/admin/20170919/n_v2da442e0717784975a1c51bca40779bea.jpg,web.echsoft.cn/admin/20170919/n_v2df76b2f7984846db8003529eff0ad02e.jpg,web.echsoft.cn/admin/20170919/n_v26da900271f7c46199d8a7a8766b37e7e.jpg','个人','高新区政务大厅','420','14700','中高档汽车美容店转让，有固定客源，可以增加举升机增加汽车维修保养项目。​','',NULL,NULL,NULL,NULL,NULL,NULL,NULL,NULL,NULL,'贵阳',NULL,NULL,0,'2017-09-25 18:34:40','2017-09-25 18:34:40','B86F5533AA384C5BBBE3F35A2EE65768','B86F5533AA384C5BBBE3F35A2EE65768',0,0),('23517de8a1dd11e7a86e00163e0a58b3','生意转让','B86F5533AA384C5BBBE3F35A2EE65768','未来方舟E区汽修美容转让176m²',10,'汽车',NULL,NULL,NULL,NULL,'15185152812','web.echsoft.cn/admin/20170919/n_v25c4f5dfaf3f041bda330e7a17bea89e7.jpg','个人','未来方舟E区','176','1700','汽车美容店转让带5年租约','',NULL,NULL,NULL,NULL,NULL,NULL,NULL,NULL,NULL,'贵阳',NULL,NULL,0,'2017-09-25 18:34:41','2017-09-25 18:34:41','B86F5533AA384C5BBBE3F35A2EE65768','B86F5533AA384C5BBBE3F35A2EE65768',0,0),('235987b3a1dd11e7a86e00163e0a58b3','生意转让','B86F5533AA384C5BBBE3F35A2EE65768','孟关国际汽贸城车汽修美容转让',4,'汽车',NULL,NULL,NULL,NULL,'13984396957','web.echsoft.cn/admin/20170919/n_v2b18690323cb4457e90312e02375bbd55.jpg,web.echsoft.cn/admin/20170919/n_v2bb1eb66a4ccb474b8096f84ed7e4c74a.jpg,web.echsoft.cn/admin/20170919/n_v2f19fba440be64b20a26f886e49b23750.jpg,web.echsoft.cn/admin/20170919/n_v29c72d1ea47a64e4c9e2704850aaab25d.jpg,web.echsoft.cn/admin/20170919/n_v219b2fa21a7c0417fa6e57c04a01c70dd.jpg,web.echsoft.cn/admin/20170919/n_v2945f6955399e49aab6331e21e79303c8.jpg','个人','孟关国际汽贸城车','310','3000','位置在孟关汽贸城车管所花溪办证大厅对面周边有4s店和万众国际二手车市场，主营二手车精洗及检车车辆普洗业务，同行转手就可盈利，诚心转让的价格好说。中介及快转公司勿扰!!!','因本人另有其他发展现低价转让汽车美容场地',NULL,NULL,NULL,NULL,NULL,NULL,NULL,NULL,NULL,'贵阳',NULL,NULL,0,'2017-09-25 18:34:41','2017-09-25 18:34:41','B86F5533AA384C5BBBE3F35A2EE65768','B86F5533AA384C5BBBE3F35A2EE65768',0,0),('23617dfda1dd11e7a86e00163e0a58b3','生意转让','B86F5533AA384C5BBBE3F35A2EE65768','沙冲南路汽修美容旺铺低转100m²',3,'汽车',NULL,NULL,NULL,NULL,'18985584888','web.echsoft.cn/admin/20170919/n_v2d10a7993e6334f1d8a6461ca0dae743f.jpg,web.echsoft.cn/admin/20170919/n_v29a260657939942d6aacb01d24a29df86.jpg,web.echsoft.cn/admin/20170919/n_v22622dd78e241424e9fd3d856050a6a92.jpg,web.echsoft.cn/admin/20170919/n_v234245f8b114c46a5ad4d1b8ccfcbb2e5.jpg','个人','沙冲南路旺铺低转','100','12000','沙冲南路旺铺适合各种行业形象店.汽车美容.','',NULL,NULL,NULL,NULL,NULL,NULL,NULL,NULL,NULL,'贵阳',NULL,NULL,0,'2017-09-25 18:34:41','2017-09-25 18:34:41','B86F5533AA384C5BBBE3F35A2EE65768','B86F5533AA384C5BBBE3F35A2EE65768',0,0),('236909dfa1dd11e7a86e00163e0a58b3','生意转让','B86F5533AA384C5BBBE3F35A2EE65768','贵阳南明区新寨路汽修厂转让30m²',4,'汽车',NULL,NULL,NULL,NULL,'13678516707','web.echsoft.cn/admin/20170919/n_v21087dfc450ad4fd7937843363fdb14c8.jpg','个人','新寨路','30','2500','现有汽修厂低价转让，如果有意愿的同行师兄弟可以来详谈，价格面议！！！','因本人家中有事',NULL,NULL,NULL,NULL,NULL,NULL,NULL,NULL,NULL,'贵阳',NULL,NULL,0,'2017-09-25 18:34:41','2017-09-25 18:34:41','B86F5533AA384C5BBBE3F35A2EE65768','B86F5533AA384C5BBBE3F35A2EE65768',0,0),('237065cba1dd11e7a86e00163e0a58b3','生意转让','B86F5533AA384C5BBBE3F35A2EE65768','花溪区合朋刚材市旁修美容汽修厂转',2.7,'汽车',NULL,NULL,NULL,NULL,'18985156141','web.echsoft.cn/admin/20170919/n_v1bl2lwwjda6ifqor5y5yq.jpg','个人','合朋刚材市厂','300','38000','有漆房，还有半年房租费，起升机一台，板金工具都有，可停车10多台。','',NULL,NULL,NULL,NULL,NULL,NULL,NULL,NULL,NULL,'贵阳',NULL,NULL,0,'2017-09-25 18:34:41','2017-09-25 18:34:41','B86F5533AA384C5BBBE3F35A2EE65768','B86F5533AA384C5BBBE3F35A2EE65768',0,0),('23786188a1dd11e7a86e00163e0a58b3','生意转让','B86F5533AA384C5BBBE3F35A2EE65768','新添寨洗车场转让接手就做80m²',3,'汽车',NULL,NULL,NULL,NULL,'15185098653','web.echsoft.cn/admin/20170919/n_v2ac8c9d2310734d5b9cde347c6d075eb0.jpg','个人','新天寨泉天下','80','3000','洗车场转让喜欢的朋友过来看','',NULL,NULL,NULL,NULL,NULL,NULL,NULL,NULL,NULL,'贵阳',NULL,NULL,0,'2017-09-25 18:34:41','2017-09-25 18:34:41','B86F5533AA384C5BBBE3F35A2EE65768','B86F5533AA384C5BBBE3F35A2EE65768',0,0),('23804812a1dd11e7a86e00163e0a58b3','生意转让','B86F5533AA384C5BBBE3F35A2EE65768','白云区铝兴南路汽修美容店转让',12.8,'汽车',NULL,NULL,NULL,NULL,'18285036682','web.echsoft.cn/admin/20170919/n_v1bj3gzsg4w5cfsnl3paka.jpg,web.echsoft.cn/admin/20170919/n_v1bkujjd64w5cfs24y7ygq.jpg,web.echsoft.cn/admin/20170919/n_v1bl2lwkg3w5cft6nhxvoq.jpg,web.echsoft.cn/admin/20170919/n_v1bl2lwko2w5cfsken2nua.jpg,web.echsoft.cn/admin/20170919/n_v1bl2lwto5w5cft2yubzwq.jpg,web.echsoft.cn/admin/20170919/n_v1bl2lwxw6w5cftcerk43a.jpg','个人','白云区铝兴南路','1200','6000','有固定的顾客来源，接手就可以营业。房租到9月30号','本人有其他事业要打理，无心经营，所以忍痛转让。',NULL,NULL,NULL,NULL,NULL,NULL,NULL,NULL,NULL,'贵阳',NULL,NULL,0,'2017-09-25 18:34:41','2017-09-25 18:34:41','B86F5533AA384C5BBBE3F35A2EE65768','B86F5533AA384C5BBBE3F35A2EE65768',0,0),('238910e7a1dd11e7a86e00163e0a58b3','生意转让','B86F5533AA384C5BBBE3F35A2EE65768','清溪路花溪松涛路汽修美容转让',10,'汽车',NULL,NULL,NULL,NULL,'18690738787','web.echsoft.cn/admin/20170919/n_v1bkujjd4mrxfvrcbkkuja.jpg,web.echsoft.cn/admin/20170919/n_v1bl2lwwmorxfvrybclv6q.jpg,web.echsoft.cn/admin/20170919/n_v1bl2lwxunrxfvr6576nwq.jpg','个人','花溪松涛路','150','7000','花溪核心居住区，临街老店。进店量稳居高位，手续证照齐全。寻合作伙伴！','因照顾家里老人寻承包或转让！',NULL,NULL,NULL,NULL,NULL,NULL,NULL,NULL,NULL,'贵阳',NULL,NULL,0,'2017-09-25 18:34:41','2017-09-25 18:34:41','B86F5533AA384C5BBBE3F35A2EE65768','B86F5533AA384C5BBBE3F35A2EE65768',0,0),('23924f93a1dd11e7a86e00163e0a58b3','生意转让','B86F5533AA384C5BBBE3F35A2EE65768','乌当区2400平方二类汽修厂转让',43,'汽车',NULL,NULL,NULL,NULL,'18985000051','web.echsoft.cn/admin/20170919/n_v2b7e4ecc1be574b449b6c4e431de90165.jpg,web.echsoft.cn/admin/20170919/n_v2df659d4575514a099abe0a900eb29341.jpg,web.echsoft.cn/admin/20170919/n_v27de73b22138b4072bdcd3e6559a9b6af.jpg,web.echsoft.cn/admin/20170919/n_v211dd128fefae4d51a6ed962f619b7c46.jpg,web.echsoft.cn/admin/20170919/n_v2953807bc42864344be2ad42d5a96651e.jpg,web.echsoft.cn/admin/20170919/n_v223031785b13043e9be160dee05d481b3.jpg','个人','乌当区顺新路170号','2400','30000','，上下两层各1200平方，层高7米，场地是正方形，很规整，有卫生间，办公室、库房、员工宿舍、漆房、大梁校正仪、龙门双柱工位4个，四柱工位1个，钣金喷漆工位4个，配套设施很健全，转让后就可以直接开展工作。具体看图片吧！房租交到2017年12月30号，现在转让还可以使用几个月不用交房租。','转让2400平方二类汽修厂，位置在乌当区顺新路170号，本车行经营没有问题，因为在骏驰国际赛车场有了新场地，所以，转让现有二类维修场地',NULL,NULL,NULL,NULL,NULL,NULL,NULL,NULL,NULL,'贵阳',NULL,NULL,0,'2017-09-25 18:34:41','2017-09-25 18:34:41','B86F5533AA384C5BBBE3F35A2EE65768','B86F5533AA384C5BBBE3F35A2EE65768',0,0),('239e398da1dd11e7a86e00163e0a58b3','生意转让','B86F5533AA384C5BBBE3F35A2EE65768','水口寺急转正常经营洗车场200m²',2,'汽车',NULL,NULL,NULL,NULL,'15692741032','web.echsoft.cn/admin/20170919/n_v2bb58bb8f60664975880e706160195be1.jpg','个人','水口寺大桥下','200','3000','，房租3000／月，另免费赠送7个停车位（固定收入2100／月）持有固定洗车群体，周边小区集中，入城必经路口，设备齐全价格从优，各位有心的朋友欢迎来电洽谈，地址：贵阳市水口寺大桥旁春江滴翠小区入口处。','本人因工作原因长期出差无心经营，现将盈利洗车场及部分停车位忍心割让',NULL,NULL,NULL,NULL,NULL,NULL,NULL,NULL,NULL,'贵阳',NULL,NULL,0,'2017-09-25 18:34:41','2017-09-25 18:34:41','B86F5533AA384C5BBBE3F35A2EE65768','B86F5533AA384C5BBBE3F35A2EE65768',0,0),('23a63346a1dd11e7a86e00163e0a58b3','生意转让','B86F5533AA384C5BBBE3F35A2EE65768','开阳干河坡汽车修理厂转让',35,'汽车',NULL,NULL,NULL,NULL,'15185066176','web.echsoft.cn/admin/20170919/n_v2a6b106c2182444a39c04918a01121b9c.jpg,web.echsoft.cn/admin/20170919/n_v2b0fff346c02f4b8889596f3ff3d593b5.jpg,web.echsoft.cn/admin/20170919/n_v23d0ae0abc3ec4051a5a26c997ef373a0.jpg,web.echsoft.cn/admin/20170919/n_v26268665ff3eb4321979b5d79beb0aa0f.jpg,web.echsoft.cn/admin/20170919/n_v2601072428ee542b6a86bc97bb626bfdb.jpg','个人','干河坡','2000','4000','现有三类汽车维修厂转让（承包），超低价格，面积2000多个平方左右，所有证件，设备齐全，刚装修一年，还有几个月房租未到，地址位于开阳县，接手可经营','',NULL,NULL,NULL,NULL,NULL,NULL,NULL,NULL,NULL,'贵阳',NULL,NULL,0,'2017-09-25 18:34:41','2017-09-25 18:34:41','B86F5533AA384C5BBBE3F35A2EE65768','B86F5533AA384C5BBBE3F35A2EE65768',0,0),('23af3370a1dd11e7a86e00163e0a58b3','生意转让','B86F5533AA384C5BBBE3F35A2EE65768','塔峰路塔山停车场汽修美容转让150m²',0.88,'汽车',NULL,NULL,NULL,NULL,'13582706853','web.echsoft.cn/admin/20170919/n_v27a3f82e2f2f647adbe4c0ceea273da5f.jpg,web.echsoft.cn/admin/20170919/n_v282d4364521c34750914c75b941bcc615.jpg,web.echsoft.cn/admin/20170919/n_v23472b7f706574aba914f014a19dc960f.jpg,web.echsoft.cn/admin/20170919/n_v206574f7ec5324c2081d0ef8756885e68.jpg','个人','塔峰路塔山停车场','150','7500','因两个人合伙干，合不来，所以转让洗车场，房租一天50元，150多平米，有客厅，卧室，厨房，卫生间 还有四个车库都可以洗车，守着3个修理厂，里面的车都在这里洗，有固定客源，拎包进来就可以开始挣钱，想挣钱的就来，电话联系，非诚勿扰。','',NULL,NULL,NULL,NULL,NULL,NULL,NULL,NULL,NULL,'贵阳',NULL,NULL,0,'2017-09-25 18:34:41','2017-09-25 18:34:41','B86F5533AA384C5BBBE3F35A2EE65768','B86F5533AA384C5BBBE3F35A2EE65768',0,0),('23bb9630a1dd11e7a86e00163e0a58b3','生意转让','B86F5533AA384C5BBBE3F35A2EE65768','开阳龙岗街上汽修美容转让2200m²',4.8,'汽车',NULL,NULL,NULL,NULL,'15185125672','web.echsoft.cn/admin/20170919/n_v1bkuyfvoemrqftmks6bzq.jpg,web.echsoft.cn/admin/20170919/n_v1bl2lwkf5mrqftp36ybqa.jpg,web.echsoft.cn/admin/20170919/n_v1bl2lwkgbmrqftbofen3q.jpg,web.echsoft.cn/admin/20170919/n_v1bl2lwkojmrqfsy47lu6a.jpg','个人','开阳龙岗街上','2200','1600','地段安逸车流量大全套设备，证件齐全。房租交到2018年6月感兴趣的老板详谈','',NULL,NULL,NULL,NULL,NULL,NULL,NULL,NULL,NULL,'贵阳',NULL,NULL,0,'2017-09-25 18:34:41','2017-09-25 18:34:41','B86F5533AA384C5BBBE3F35A2EE65768','B86F5533AA384C5BBBE3F35A2EE65768',0,0),('23c5040ba1dd11e7a86e00163e0a58b3','生意转让','B86F5533AA384C5BBBE3F35A2EE65768','修文县久长镇桐旷井汽修美容转让',28,'汽车',NULL,NULL,NULL,NULL,'18685154691','web.echsoft.cn/admin/20170919/n_v2e53eee98783c49daac3275055824ed3b.jpg,web.echsoft.cn/admin/20170919/n_v2f42a83999ab14d279a35459b40acf953.jpg,web.echsoft.cn/admin/20170919/n_v29ea10755f40644159ef8cf330bfbd8b4.jpg','个人','修文县久长镇桐旷井','1800','4800','急转','本人有其他生意，没有时间管理',NULL,NULL,NULL,NULL,NULL,NULL,NULL,NULL,NULL,'贵阳',NULL,NULL,0,'2017-09-25 18:34:41','2017-09-25 18:34:41','B86F5533AA384C5BBBE3F35A2EE65768','B86F5533AA384C5BBBE3F35A2EE65768',0,0),('23cd7603a1dd11e7a86e00163e0a58b3','生意转让','B86F5533AA384C5BBBE3F35A2EE65768','花溪公园麦乃村下院路口汽车美容转',5,'汽车',NULL,NULL,NULL,NULL,'13984890619','web.echsoft.cn/admin/20170919/n_v2cd3b910002d54e338561f02e2ae03a1c.jpg,web.echsoft.cn/admin/20170919/n_v2e86cd3df85a44eae96989f19d561a210.jpg,web.echsoft.cn/admin/20170919/n_v28c60985a9c1349b2937a5941ff5f70d0.jpg','个人','花溪区麦乃村下院路口','100','3000','洗车场转让！本人因媳妇怀孕需要人照顾，所以忍痛把经营已久的洗车场转让！','设施齐全入手即可经营！可用面积约为100平方左右！看中的朋友可以联系我',NULL,NULL,NULL,NULL,NULL,NULL,NULL,NULL,NULL,'贵阳',NULL,NULL,0,'2017-09-25 18:34:41','2017-09-25 18:34:41','B86F5533AA384C5BBBE3F35A2EE65768','B86F5533AA384C5BBBE3F35A2EE65768',0,0),('23d60e88a1dd11e7a86e00163e0a58b3','生意转让','B86F5533AA384C5BBBE3F35A2EE65768','碧海花园丽阳天下汽修美容转',46,'汽车',NULL,NULL,NULL,NULL,'13765023223','web.echsoft.cn/admin/20170919/n_v2a79f6fea66a14770a506d4aa1b642536.jpg,web.echsoft.cn/admin/20170919/n_v2f9721e908e4e4a96a9377c680d5c5a80.jpg,web.echsoft.cn/admin/20170919/n_v27bd90c2b31814938b9bad275d9eff823.jpg,web.echsoft.cn/admin/20170919/n_v21984003adf4d497090bc58568e47eb65.jpg','个人','观山湖区碧海花园丽阳天下','250','20000','急转','本人有其它项目要经营，故不了这么多，特此蒋旺铺转让',NULL,NULL,NULL,NULL,NULL,NULL,NULL,NULL,NULL,'贵阳',NULL,NULL,0,'2017-09-25 18:34:41','2017-09-25 18:34:41','B86F5533AA384C5BBBE3F35A2EE65768','B86F5533AA384C5BBBE3F35A2EE65768',0,0),('23e25170a1dd11e7a86e00163e0a58b3','生意转让','B86F5533AA384C5BBBE3F35A2EE65768','解放西路汽配城南门囗汽车店转',6,'汽车',NULL,NULL,NULL,NULL,'18984013359','web.echsoft.cn/admin/20170919/n_v2843b67c1062349b89c3ae9c91faa9e69.jpg,web.echsoft.cn/admin/20170919/n_v250979eb88be3473a84f0bcd44ad5d7fe.jpg','个人','解放西路汽配城南门囗','100','3900','大排量摩托车维修店铺','',NULL,NULL,NULL,NULL,NULL,NULL,NULL,NULL,NULL,'贵阳',NULL,NULL,0,'2017-09-25 18:34:41','2017-09-25 18:34:41','B86F5533AA384C5BBBE3F35A2EE65768','B86F5533AA384C5BBBE3F35A2EE65768',0,0),('23eb1829a1dd11e7a86e00163e0a58b3','生意转让','B86F5533AA384C5BBBE3F35A2EE65768','世纪城龙泉苑汽修美容转让52m²',3,'汽车',NULL,NULL,NULL,NULL,'13639145145','web.echsoft.cn/admin/20170919/n_v2ac9bbf6a2c9242d3a85486430f672c8a.jpg,web.echsoft.cn/admin/20170919/n_v2f729730d6797456bb7c87e31dbc25d30.jpg,web.echsoft.cn/admin/20170919/n_v27f429388901541fb980c736b5a2d328f.jpg','个人','龙泉苑','52','3900','地段好,车流大,生意好','因家有急事,急转门面,中介勿扰',NULL,NULL,NULL,NULL,NULL,NULL,NULL,NULL,NULL,'贵阳',NULL,NULL,0,'2017-09-25 18:34:42','2017-09-25 18:34:42','B86F5533AA384C5BBBE3F35A2EE65768','B86F5533AA384C5BBBE3F35A2EE65768',0,0),('23f30a8da1dd11e7a86e00163e0a58b3','生意转让','B86F5533AA384C5BBBE3F35A2EE65768','白云公园汽车维修店生意转让150m²',12,'汽车',NULL,NULL,NULL,NULL,'15885542242','web.echsoft.cn/admin/20170919/n_v1bj3gzryofywvrcyjpqoa.jpg,web.echsoft.cn/admin/20170919/n_v1bj3gzsapfywvrpxg2aaq.jpg,web.echsoft.cn/admin/20170919/n_v1bj3gzsarfywvrgoplrsq.jpg,web.echsoft.cn/admin/20170919/n_v1bl2lwwiqfywvqye62ypa.jpg','个人','福鑫华庭小区门口门面','150','3360','有白云汽修好的路边门面可分租不议价低了12W含所有的货物和转让费电话质询来看！主要做喷漆和保养的装饰！整体转让晗设备和货所有门面里面的东西！相当于4万一间晗设备和货！诚心转让！这条街龙头位置！做了8年了有固定客源！接手直接经营！因为修理厂要开业了没有精力管理本店！欢迎大家来考察！做生意难的的位置','',NULL,NULL,NULL,NULL,NULL,NULL,NULL,NULL,NULL,'贵阳',NULL,NULL,0,'2017-09-25 18:34:42','2017-09-25 18:34:42','B86F5533AA384C5BBBE3F35A2EE65768','B86F5533AA384C5BBBE3F35A2EE65768',0,0),('23fb22c3a1dd11e7a86e00163e0a58b3','生意转让','B86F5533AA384C5BBBE3F35A2EE65768','振华广场龙广路汽修美容转让108m²',5,'汽车',NULL,NULL,NULL,NULL,'18932029976','web.echsoft.cn/admin/20170919/n_v2d87770978d3b43548d25ef383d2c0ab0.jpg,web.echsoft.cn/admin/20170919/n_v21ac31fafbe8048379cdfe940544aef05.jpg,web.echsoft.cn/admin/20170919/n_v2781940f689c94718bd99ffe66c497c98.jpg','个人','龙广路','108','3610','有兴趣的朋友可以来看看','',NULL,NULL,NULL,NULL,NULL,NULL,NULL,NULL,NULL,'贵阳',NULL,NULL,0,'2017-09-25 18:34:42','2017-09-25 18:34:42','B86F5533AA384C5BBBE3F35A2EE65768','B86F5533AA384C5BBBE3F35A2EE65768',0,0),('2403c8c3a1dd11e7a86e00163e0a58b3','生意转让','B86F5533AA384C5BBBE3F35A2EE65768','大山洞绿地伊顿公馆小区汽修美容转',3,'汽车',NULL,NULL,NULL,NULL,'17784170816','web.echsoft.cn/admin/20170919/n_v2e45f4682af9a44bbb2a1e61d88b5f736.jpg,web.echsoft.cn/admin/20170919/n_v26be2597126044630ab4f04f57a895492.jpg','个人','绿地伊顿公馆小区','208','8320','内有学校，幼儿园到初中','',NULL,NULL,NULL,NULL,NULL,NULL,NULL,NULL,NULL,'贵阳',NULL,NULL,0,'2017-09-25 18:34:42','2017-09-25 18:34:42','B86F5533AA384C5BBBE3F35A2EE65768','B86F5533AA384C5BBBE3F35A2EE65768',0,0),('240bbd4da1dd11e7a86e00163e0a58b3','生意转让','B86F5533AA384C5BBBE3F35A2EE65768','修文县收费站出口出汽修美容转',0.1,'汽车',NULL,NULL,NULL,NULL,'18085088185','web.echsoft.cn/admin/20170919/n_v2cc1ea9c27e414f3a815313973b113501.jpg,web.echsoft.cn/admin/20170919/n_v2da8d213dfe084ac7ae44616f7d9cad80.jpg,web.echsoft.cn/admin/20170919/n_v249e6d55d30a74b21b60146d37c8f2928.jpg,web.echsoft.cn/admin/20170919/n_v263a8f806681d4859b968605cf30d912d.jpg','个人','修文县收费站出口出','40','1500','本人在想做了，路段四通八达，左面通往久长，扎佐，右面是进城必须路 ，高速是贵毕路。','本人因转行做其他的。有想法的可以来电门面是我自己的。注:转让必须带补胎，和洗车一起。因为设备应该弄好了。写现成的。',NULL,NULL,NULL,NULL,NULL,NULL,NULL,NULL,NULL,'贵阳',NULL,NULL,0,'2017-09-25 18:34:42','2017-09-25 18:34:42','B86F5533AA384C5BBBE3F35A2EE65768','B86F5533AA384C5BBBE3F35A2EE65768',0,0),('241374eaa1dd11e7a86e00163e0a58b3','生意转让','B86F5533AA384C5BBBE3F35A2EE65768','花溪公园清华路汽修美容转280m²',2.2,'汽车',NULL,NULL,NULL,NULL,'15285197360','web.echsoft.cn/admin/20170919/n_v2ee833ede309d48a1bcdb4994b7babcfc.jpg,web.echsoft.cn/admin/20170919/n_v24b5333b2a0464d1290fb1aee2e93f2b6.jpg,web.echsoft.cn/admin/20170919/n_v28d4787bd436b48d59d859ad7ad1c915c.jpg,web.echsoft.cn/admin/20170919/n_v2018fc33fe6d946b7b671fa2efd59b206.jpg','个人','贵阳市花溪区清华路','280','4000','修理厂的位置很好，我以经营了两年多生意一直都很好，说实话都有个舍不得。','我现在不想做修车了所以想把修理厂转让给需要的朋友',NULL,NULL,NULL,NULL,NULL,NULL,NULL,NULL,NULL,'贵阳',NULL,NULL,0,'2017-09-25 18:34:42','2017-09-25 18:34:42','B86F5533AA384C5BBBE3F35A2EE65768','B86F5533AA384C5BBBE3F35A2EE65768',0,0),('242297a2a1dd11e7a86e00163e0a58b3','生意转让','B86F5533AA384C5BBBE3F35A2EE65768','新添寨学校旁便利店8万急转',8,'百货超市',NULL,NULL,NULL,NULL,'18084260182','web.echsoft.cn/admin/20170919/n_v2b52440fa8f3545b9aad0fdf25e22a0ec.jpg,web.echsoft.cn/admin/20170919/n_v2d4e89a30597d47c684d8a23c5c4c500c.jpg,web.echsoft.cn/admin/20170919/n_v20a625349dbc5403fade354a9a7b935d6.jpg,web.echsoft.cn/admin/20170919/n_v21a01e77201ed40c9bd9d42388560b79f.jpg,web.echsoft.cn/admin/20170919/n_v2527b99fd1a814333a66f986bd3e9b296.jpg,web.echsoft.cn/admin/20170919/n_v2006919a26bd64e1da50ec3715fadc132.jpg','个人','新光路新九学校旁','40','1600','本店前后双门头，一个面临正街，一个面对小区。加盟黔城壹家，位于新添寨繁华地段，旁边就是新九学校，小学初中都有，学生消费能力很强。那天稳定流水2500左右。','因本人资金和家庭问题，先便宜转让。有意者尽快联系。',NULL,NULL,NULL,NULL,NULL,NULL,NULL,NULL,NULL,'贵阳',NULL,NULL,0,'2017-09-25 18:34:42','2017-09-25 18:34:42','B86F5533AA384C5BBBE3F35A2EE65768','B86F5533AA384C5BBBE3F35A2EE65768',0,0),('242accdea1dd11e7a86e00163e0a58b3','生意转让','B86F5533AA384C5BBBE3F35A2EE65768','未来方舟88m²百货超市转让',4.8,'百货超市',NULL,NULL,NULL,NULL,'15982386912','web.echsoft.cn/admin/20170919/n_v2f3a1f3535ee64cb2b2377de6740330ef.jpg,web.echsoft.cn/admin/20170919/n_v23d226ae701ed47939504720db4d2983f.jpg,web.echsoft.cn/admin/20170919/n_v28f65233288f448cebf37d68c6703fef6.jpg','个人','G1组团15栋','88','8000','急转','因本人准备去外地，现转让该商铺，该商铺位置优越，附近有小学中学，开间门头大，88平米，比较方正，适合各种用途，可整转可空转，有意向者可以来店铺里看，中介勿扰',NULL,NULL,NULL,NULL,NULL,NULL,NULL,NULL,NULL,'贵阳',NULL,NULL,0,'2017-09-25 18:34:42','2017-09-25 18:34:42','B86F5533AA384C5BBBE3F35A2EE65768','B86F5533AA384C5BBBE3F35A2EE65768',0,0),('243284cea1dd11e7a86e00163e0a58b3','生意转让','B86F5533AA384C5BBBE3F35A2EE65768','花溪大学城农贸市场50m²百货超市',5,'百货超市',NULL,NULL,NULL,NULL,'18212023413','web.echsoft.cn/admin/20170919/n_v2ef32160d451642e4bf81cbef84d000a1.jpg','个人','农贸市场','50','1660','接手经营，生意稳定，有固定客户。','',NULL,NULL,NULL,NULL,NULL,NULL,NULL,NULL,NULL,'贵阳',NULL,NULL,0,'2017-09-25 18:34:42','2017-09-25 18:34:42','B86F5533AA384C5BBBE3F35A2EE65768','B86F5533AA384C5BBBE3F35A2EE65768',0,0),('243af746a1dd11e7a86e00163e0a58b3','生意转让','B86F5533AA384C5BBBE3F35A2EE65768','甘荫塘四喜巷28m²百货超市转让',20,'百货超市',NULL,NULL,NULL,NULL,'15985188588','web.echsoft.cn/admin/20170919/n_v2a8ead149035f40429f59f8427e1ae531.jpg,web.echsoft.cn/admin/20170919/n_v23ad8d5a555ba430583e39657468884cd.jpg','个人','四喜巷','28','5000','带一年房租价格面议中介勿扰谢谢','',NULL,NULL,NULL,NULL,NULL,NULL,NULL,NULL,NULL,'贵阳',NULL,NULL,0,'2017-09-25 18:34:42','2017-09-25 18:34:42','B86F5533AA384C5BBBE3F35A2EE65768','B86F5533AA384C5BBBE3F35A2EE65768',0,0),('244308bca1dd11e7a86e00163e0a58b3','生意转让','B86F5533AA384C5BBBE3F35A2EE65768','未来方舟临街旺61m²百货超市转让',21,'百货超市',NULL,NULL,NULL,NULL,'18874050749','web.echsoft.cn/admin/20170919/n_v2a88556cef15d4d7eb113d489f8e7c803.jpg,web.echsoft.cn/admin/20170919/n_v27c98cd4b11b94e1e8141edf700e96fbe.jpg','个人','尚礼南路红绿灯路口临街旺','61','6000','地段位于E4组团红绿灯交汇处小区门口，因接了工程建设没时间管理，特此转让。','',NULL,NULL,NULL,NULL,NULL,NULL,NULL,NULL,NULL,'贵阳',NULL,NULL,0,'2017-09-25 18:34:42','2017-09-25 18:34:42','B86F5533AA384C5BBBE3F35A2EE65768','B86F5533AA384C5BBBE3F35A2EE65768',0,0),('244d2228a1dd11e7a86e00163e0a58b3','生意转让','B86F5533AA384C5BBBE3F35A2EE65768','师大煤矿村中段40m²百货超市转让',22,'百货超市',NULL,NULL,NULL,NULL,'18984032388','web.echsoft.cn/admin/20170919/n_v2a677693f9a534ee3afeb8c4180287e7c.jpg,web.echsoft.cn/admin/20170919/n_v2b4cac6105ab94f54a552aee4121fee01.jpg,web.echsoft.cn/admin/20170919/n_v2cfe030db01d24d26811382280ee0a252.jpg,web.echsoft.cn/admin/20170919/n_v2e3f2e81dac194c28ae6a0be73b58761d.jpg,web.echsoft.cn/admin/20170919/n_v2f5cf527777eb4dbc87123f3ab79799c7.jpg','个人','煤矿村中段','40','7700','人流量大！位子好！煤矿村的人流量，贵阳的都知道吧！所有设施齐全，转过来就找钱，一天不耽误!门面内有库房有卫生间，内空高是6米的，格的两层可顿货可住人!可以空转(8万)！非诚勿扰！谢谢！','',NULL,NULL,NULL,NULL,NULL,NULL,NULL,NULL,NULL,'贵阳',NULL,NULL,0,'2017-09-25 18:34:42','2017-09-25 18:34:42','B86F5533AA384C5BBBE3F35A2EE65768','B86F5533AA384C5BBBE3F35A2EE65768',0,0),('245735c2a1dd11e7a86e00163e0a58b3','生意转让','B86F5533AA384C5BBBE3F35A2EE65768','大山洞白云师范大学百货超市',8,'百货超市',NULL,NULL,NULL,NULL,'13984301514','web.echsoft.cn/admin/20170919/n_v26d777dbe3bae46ee8768e0c13def49fa.jpg','个人','白云师范大学麦架镇','20','1000','地段位于师大小吃街热闹地段','',NULL,NULL,NULL,NULL,NULL,NULL,NULL,NULL,NULL,'贵阳',NULL,NULL,0,'2017-09-25 18:34:42','2017-09-25 18:34:42','B86F5533AA384C5BBBE3F35A2EE65768','B86F5533AA384C5BBBE3F35A2EE65768',0,0),('245efef7a1dd11e7a86e00163e0a58b3','生意转让','B86F5533AA384C5BBBE3F35A2EE65768','华丰食品城140m²百货超市',43,'百货超市',NULL,NULL,NULL,NULL,'18985511335','web.echsoft.cn/admin/20170919/n_v2ccc3daa742cd481291b6fd3405623e1f.jpg,web.echsoft.cn/admin/20170919/n_v2e7f79c7908ce41e1b8fe1b3c53560168.jpg,web.echsoft.cn/admin/20170919/n_v23be4efa91553427391b5d015addf4627.jpg,web.echsoft.cn/admin/20170919/n_v2600c0e3368ad405db044724c1a689407.jpg,web.echsoft.cn/admin/20170919/n_v277660634b7854e59be19336b9b40e377.jpg','个人','华丰食品城','140','4200','现经营，五金，小百货，用品。房租已交到，明年的5月10号，一年一交，每年5万没有转让费，带货，一层是底商，二层三层，仓库，四层住宿，5层厨房，现在是做批发的，可以，过来看一下，以批发为主，','',NULL,NULL,NULL,NULL,NULL,NULL,NULL,NULL,NULL,'贵阳',NULL,NULL,0,'2017-09-25 18:34:42','2017-09-25 18:34:42','B86F5533AA384C5BBBE3F35A2EE65768','B86F5533AA384C5BBBE3F35A2EE65768',0,0),('2466b975a1dd11e7a86e00163e0a58b3','生意转让','B86F5533AA384C5BBBE3F35A2EE65768','清镇曰用批发零售店转',42,'百货超市',NULL,NULL,NULL,NULL,'18672858640','web.echsoft.cn/admin/20170919/n_v25026bc3ec4b049a4b40937697d444fc9.jpg','个人','清镇华丰国际食品城','130','3900','房租年付5万，一年，明年5月10号到期，房租已交一年，转让费面议想做批发生意的，可以实地参考','',NULL,NULL,NULL,NULL,NULL,NULL,NULL,NULL,NULL,'贵阳',NULL,NULL,0,'2017-09-25 18:34:42','2017-09-25 18:34:42','B86F5533AA384C5BBBE3F35A2EE65768','B86F5533AA384C5BBBE3F35A2EE65768',0,0),('246e9bafa1dd11e7a86e00163e0a58b3','生意转让','B86F5533AA384C5BBBE3F35A2EE65768','未来方舟65m²沿街百货超市',5,'百货超市',NULL,NULL,NULL,NULL,'18085007355','web.echsoft.cn/admin/20170919/n_v2f2be77a79fa54df5a5d9554b6410bc52.jpg,web.echsoft.cn/admin/20170919/n_v2247f733ec41b4cdfaf8150ed3357ab82.jpg,web.echsoft.cn/admin/20170919/n_v296670c607fb844c8a1581223e8364ad9.jpg','个人','未来方舟沿街商铺','65','5850','1，超市目前出于盈利状态，日流水3000左右，因公司业务调整需要，拟转让线下门店做在线互联网业务，特此转让。2，忘有意向者，到店洽谈，中介勿扰','',NULL,NULL,NULL,NULL,NULL,NULL,NULL,NULL,NULL,'贵阳',NULL,NULL,0,'2017-09-25 18:34:42','2017-09-25 18:34:42','B86F5533AA384C5BBBE3F35A2EE65768','B86F5533AA384C5BBBE3F35A2EE65768',0,0),('24770df1a1dd11e7a86e00163e0a58b3','生意转让','B86F5533AA384C5BBBE3F35A2EE65768','锦江路盈利超市转让',16.8,'百货超市',NULL,NULL,NULL,NULL,'15085981989','web.echsoft.cn/admin/20170919/n_v2ed681ffc26ab40edb73853803f730948.jpg,web.echsoft.cn/admin/20170919/n_v25ad3c0b1b706420ab00cb57e20ba38ae.jpg,web.echsoft.cn/admin/20170919/n_v27fd203cd33904c85a625d115d38ee019.jpg,web.echsoft.cn/admin/20170919/n_v289c705d0630d48e8bac17c8243dfddcb.jpg','个人','锦江路','50','2200','急转','因家里有事。所以将门面转让。中介勿扰',NULL,NULL,NULL,NULL,NULL,NULL,NULL,NULL,NULL,'贵阳',NULL,NULL,0,'2017-09-25 18:34:42','2017-09-25 18:34:42','B86F5533AA384C5BBBE3F35A2EE65768','B86F5533AA384C5BBBE3F35A2EE65768',0,0),('247f4ee0a1dd11e7a86e00163e0a58b3','生意转让','B86F5533AA384C5BBBE3F35A2EE65768','三桥100m²百货超市转让',15,'百货超市',NULL,NULL,NULL,NULL,'18984062260','web.echsoft.cn/admin/20170919/n_v1bj3gzr6qg4oft7ql2bhq.jpg,web.echsoft.cn/admin/20170919/n_v1bkuymc6og4oftjymrjka.jpg,web.echsoft.cn/admin/20170919/n_v1bkuymc6rg4ofsd2ncuiq.jpg,web.echsoft.cn/admin/20170919/n_v1bl2lwtoqg4ofszpirnqq.jpg,web.echsoft.cn/admin/20170919/n_v1bl2lwwopg4oftplq3jza.jpg,web.echsoft.cn/admin/20170919/n_v1bl2lwxwqg4oftspkhroq.jpg','个人','金关村金伍路23号','100','4000','货物设备齐全，货柜冰箱冰柜全都有','本人因忙不过来所以忍痛割爱，生意还可以一天卖4000块钱左右。',NULL,NULL,NULL,NULL,NULL,NULL,NULL,NULL,NULL,'贵阳',NULL,NULL,0,'2017-09-25 18:34:43','2017-09-25 18:34:43','B86F5533AA384C5BBBE3F35A2EE65768','B86F5533AA384C5BBBE3F35A2EE65768',0,0),('2487bda5a1dd11e7a86e00163e0a58b3','生意转让','B86F5533AA384C5BBBE3F35A2EE65768','西南国际商贸城百货超市',29,'百货超市',NULL,NULL,NULL,NULL,'13158000101','web.echsoft.cn/admin/20170919/n_v1bj3gzr4yx5qfso2koi5q.jpg,web.echsoft.cn/admin/20170919/n_v1bj3gzsexx5qftd3mounq.jpg','个人','西南国际商贸城2号广场','98','4116','我店在西南商贸城2号广场，专做批发保温杯，玻璃杯，礼品定制。有一定的客户，带商品、客户，还有半年的租金一起转让。','',NULL,NULL,NULL,NULL,NULL,NULL,NULL,NULL,NULL,'贵阳',NULL,NULL,0,'2017-09-25 18:34:43','2017-09-25 18:34:43','B86F5533AA384C5BBBE3F35A2EE65768','B86F5533AA384C5BBBE3F35A2EE65768',0,0),('248fe13ea1dd11e7a86e00163e0a58b3','生意转让','B86F5533AA384C5BBBE3F35A2EE65768','威清路城基路40m²百货超市',13,'百货超市',NULL,NULL,NULL,NULL,'18674409292','web.echsoft.cn/admin/20170919/n_v2b478b88e02b34f40bb423149c575a3cc.jpg,web.echsoft.cn/admin/20170919/n_v2bae2309100794087aef358da960c36c1.jpg,web.echsoft.cn/admin/20170919/n_v2bb0b6a6f78684ddcadc9bf3664cccb00.jpg,web.echsoft.cn/admin/20170919/n_v27ffc1db4388249e79373c08351a41308.jpg,web.echsoft.cn/admin/20170919/n_v2536a2df808c349cbbb2e7cfa7214a3be.jpg,web.echsoft.cn/admin/20170919/n_v2869f205ffc2340649a4434c6d8528d49.jpg','个人','城基路','40','5500','位置优越人流量大，酒店饭店医院都要经过门口独家经营。','',NULL,NULL,NULL,NULL,NULL,NULL,NULL,NULL,NULL,'贵阳',NULL,NULL,0,'2017-09-25 18:34:43','2017-09-25 18:34:43','B86F5533AA384C5BBBE3F35A2EE65768','B86F5533AA384C5BBBE3F35A2EE65768',0,0),('2497ad08a1dd11e7a86e00163e0a58b3','生意转让','B86F5533AA384C5BBBE3F35A2EE65768','宅吉盐务街百货超市',9,'百货超市',NULL,NULL,NULL,NULL,'18690746606','web.echsoft.cn/admin/20170919/n_v2f7f9c627efa84474a139a3a76b828813.jpg,web.echsoft.cn/admin/20170919/n_v23f2ef4991be849a3992150839132835e.jpg,web.echsoft.cn/admin/20170919/n_v25c0c1af12fed49ce909c4edeef122c16.jpg','个人','盐务街','15','4500','家属区，租金低，证照齐全，接手可经营','',NULL,NULL,NULL,NULL,NULL,NULL,NULL,NULL,NULL,'贵阳',NULL,NULL,0,'2017-09-25 18:34:43','2017-09-25 18:34:43','B86F5533AA384C5BBBE3F35A2EE65768','B86F5533AA384C5BBBE3F35A2EE65768',0,0),('24a12915a1dd11e7a86e00163e0a58b3','生意转让','B86F5533AA384C5BBBE3F35A2EE65768','三桥天骄北苑百货超市',15,'百货超市',NULL,NULL,NULL,NULL,'13037885093','web.echsoft.cn/admin/20170919/n_v2b7e40ad54c7546e9966e45fc3c01c3ea.jpg,web.echsoft.cn/admin/20170919/n_v298146fa69f584cad96349b02840ca337.jpg','个人','天骄北苑','120','4000','价格面议，门面刚装修，上下两层，小区1700多户人，可做火锅，超市，餐厅，等……','',NULL,NULL,NULL,NULL,NULL,NULL,NULL,NULL,NULL,'贵阳',NULL,NULL,0,'2017-09-25 18:34:43','2017-09-25 18:34:43','B86F5533AA384C5BBBE3F35A2EE65768','B86F5533AA384C5BBBE3F35A2EE65768',0,0),('24a94784a1dd11e7a86e00163e0a58b3','生意转让','B86F5533AA384C5BBBE3F35A2EE65768','花果园住宅环绕百货超市',125,'百货超市',NULL,NULL,NULL,NULL,'13595147051','web.echsoft.cn/admin/20170919/n_v1bl2lwkezke5vslhpveva.jpg,web.echsoft.cn/admin/20170919/n_v1bl2lwwm2ke5vtjlubi5a.jpg,web.echsoft.cn/admin/20170919/n_v1bl2lwwmzke5vtj64zjza.jpg','个人','花果园位于十字路口','400','25000','店面合同2年后房租增加10%.店面可能拆迁低价转让，一天8000--9000营业额，20%--25%利润。','',NULL,NULL,NULL,NULL,NULL,NULL,NULL,NULL,NULL,'贵阳',NULL,NULL,0,'2017-09-25 18:34:43','2017-09-25 18:34:43','B86F5533AA384C5BBBE3F35A2EE65768','B86F5533AA384C5BBBE3F35A2EE65768',0,0),('24b0f6a7a1dd11e7a86e00163e0a58b3','生意转让','B86F5533AA384C5BBBE3F35A2EE65768','花果园T区盈利商铺转让',28,'百货超市',NULL,NULL,NULL,NULL,'18706897917','web.echsoft.cn/admin/20170919/n_v2a013c228a6a9409fbb53a44942ec98c9.jpg,web.echsoft.cn/admin/20170919/n_v2f93238517f9d4de98e348cbe72fe2ec0.jpg,web.echsoft.cn/admin/20170919/n_v25cc0948395294fb28ad6b53c783badda.jpg','个人','T1区3栋','48','12000','急转','因本人另有发展，忍痛转让',NULL,NULL,NULL,NULL,NULL,NULL,NULL,NULL,NULL,'贵阳',NULL,NULL,0,'2017-09-25 18:34:43','2017-09-25 18:34:43','B86F5533AA384C5BBBE3F35A2EE65768','B86F5533AA384C5BBBE3F35A2EE65768',0,0),('24bc9541a1dd11e7a86e00163e0a58b3','生意转让','B86F5533AA384C5BBBE3F35A2EE65768','理工大学80m²百货超市低价转让',33,'百货超市',NULL,NULL,NULL,NULL,'18286132195','web.echsoft.cn/admin/20170919/n_v2ded3c3b72b26466f9b3a8a113294c234.jpg,web.echsoft.cn/admin/20170919/n_v2e8e69e098999431e98764a0ee3a28dae.jpg,web.echsoft.cn/admin/20170919/n_v2e224e4e007294a72891821a24f5617c2.jpg,web.echsoft.cn/admin/20170919/n_v215d20a184f594241a1dcf752ee9cf56f.jpg,web.echsoft.cn/admin/20170919/n_v276c5a03f227c4a4e94e3c682c7db1172.jpg,web.echsoft.cn/admin/20170919/n_v220829eca9e35480e9b59679172161ab1.jpg','个人','蔡家关理工大学内','80','2600','该店位于理工大学内，店内使用面积80平方。优势如下:1，店内装修高档，简洁清爽，还外加厨房和小阁楼可以很好解决吃住问题。2，租金很低，每月2600先做后交,一年只交10个月，无任何房租压力，3,门口租给别人摆游戏机，很大程度上分担了房租，并且还能额外分成，收入可观。4，另外饮料各厂家每月陈列费补贴1000块左右，这也是一份不错的额外收入。5,超市旁边全是餐饮店，再加楼上很多常住人口，生意客源不用愁。6，本店位于三栋学生公寓后面，每天进店消费学生特别多，日常营业额3000－4500之间。怎么做怎么赚钱。','因今年家里父母身体不好，小孩也年幼，都急需我们回家照管，才忍痛转让，想找低房租，好生意的老板千万不要错过。本店整体33万低价转让（包含所有烟酒货物及收银机、监控等设备）。欢迎有诚意者来店详谈。此信息属个人发布，请放心联系。记住非诚勿扰哦，中介和快转公司勿扰！（注：短信咨询不回）',NULL,NULL,NULL,NULL,NULL,NULL,NULL,NULL,NULL,'贵阳',NULL,NULL,0,'2017-09-25 18:34:43','2017-09-25 18:34:43','B86F5533AA384C5BBBE3F35A2EE65768','B86F5533AA384C5BBBE3F35A2EE65768',0,0),('24c52e2da1dd11e7a86e00163e0a58b3','生意转让','B86F5533AA384C5BBBE3F35A2EE65768','蔡家关45平方烟酒店转让',12,'百货超市',NULL,NULL,NULL,NULL,'13765829553','web.echsoft.cn/admin/20170919/n_v2d471a76f0d664f5db64f56ce2c4c5793.jpg','个人','香江路','45','6000','本店位于十字路口，证件齐全，才做了一年，生意一直都好','因老婆马上生小孩，一个人没精力打理，有意者过来看店在谈，非诚勿扰',NULL,NULL,NULL,NULL,NULL,NULL,NULL,NULL,NULL,'贵阳',NULL,NULL,0,'2017-09-25 18:34:43','2017-09-25 18:34:43','B86F5533AA384C5BBBE3F35A2EE65768','B86F5533AA384C5BBBE3F35A2EE65768',0,0),('24cca960a1dd11e7a86e00163e0a58b3','生意转让','B86F5533AA384C5BBBE3F35A2EE65768','小河黄河路80m²百货店生意转让',9.5,'百货超市',NULL,NULL,NULL,NULL,'18985110549','web.echsoft.cn/admin/20170919/n_v2b56d52d6bbed410d95a45e94ff2bbe1c.jpg','个人','南山高地','80','3800','南山高地水果超市转让，适合做水果店，便利店，餐饮店等等','因个人有其他生意要照顾没有时间管理，现诚心转让，中介快转勿扰',NULL,NULL,NULL,NULL,NULL,NULL,NULL,NULL,NULL,'贵阳',NULL,NULL,0,'2017-09-25 18:34:43','2017-09-25 18:34:43','B86F5533AA384C5BBBE3F35A2EE65768','B86F5533AA384C5BBBE3F35A2EE65768',0,0),('24d431f9a1dd11e7a86e00163e0a58b3','生意转让','B86F5533AA384C5BBBE3F35A2EE65768','同心路1000m²大顺发超市转让',1,'百货超市',NULL,NULL,NULL,NULL,'17385852720','web.echsoft.cn/admin/20170919/n_v28bb83c5b16224979b8dd5240f43de6da.jpg','个人','鸡场街227号','1000','10000','急转','因个人身体原因，旺铺白菜价转让。',NULL,NULL,NULL,NULL,NULL,NULL,NULL,NULL,NULL,'贵阳',NULL,NULL,0,'2017-09-25 18:34:43','2017-09-25 18:34:43','B86F5533AA384C5BBBE3F35A2EE65768','B86F5533AA384C5BBBE3F35A2EE65768',0,0),('24de06a6a1dd11e7a86e00163e0a58b3','生意转让','B86F5533AA384C5BBBE3F35A2EE65768','三桥水晶苑小区独家便利店忍痛转让',8,'百货超市',NULL,NULL,NULL,NULL,'15885533533','web.echsoft.cn/admin/20170919/n_v2837fad4af4cf482e9d5473d0a6035cbe.jpg','个人','三桥水晶苑','50','2000','小区独家便利店，做了十年，生意没得说，欢迎随时来店考察，从来没有想过要转让','无奈老爸今天突发心脏病住院，钱赚不完但是老爸只有一个，所还是决定忍痛转让，烟证齐全。附近学校、小区及周边住户均是忠实老客户，接手即赚钱…有意者可以来店详谈',NULL,NULL,NULL,NULL,NULL,NULL,NULL,NULL,NULL,'贵阳',NULL,NULL,0,'2017-09-25 18:34:43','2017-09-25 18:34:43','B86F5533AA384C5BBBE3F35A2EE65768','B86F5533AA384C5BBBE3F35A2EE65768',0,0),('24e5e516a1dd11e7a86e00163e0a58b3','生意转让','B86F5533AA384C5BBBE3F35A2EE65768','大营坡中建华府当街旺铺百货超市',25,'百货超市',NULL,NULL,NULL,NULL,'13984873716','web.echsoft.cn/admin/20170919/n_v2b62789d7068943caa3c13364442c39c1.jpg,web.echsoft.cn/admin/20170919/n_v2bb328191e8a1493f93bc6e0a79f0d284.jpg,web.echsoft.cn/admin/20170919/n_v2e0a40e9e871c484b9c5f96aadabb8ed4.jpg,web.echsoft.cn/admin/20170919/n_v22ff84994a10e4839a80c565756061f7c.jpg,web.echsoft.cn/admin/20170919/n_v24d58e4a5b3da43d5b5d9c1288457eae7.jpg,web.echsoft.cn/admin/20170919/n_v2580f74a64f9744aeb34e39165b58553a.jpg','个人','中建华府当街旺铺','70','17000','位置极好便利店整转或生意经营权转租，想开超市便利店的人看过来，这里有一个很好的平台让你发挥','由于本人还有其它产业，忙不过来也不想操心太多，故把新装修好盈利中便利店整体转让或经营权转租，店面分两层，总平方70平米，店面地理位置好得没话说中建华府新修楼盘，临街，临广场，临车站，临地铁站，临商场进出口，早上上班人多，晚上广场玩的人多，人流量超大，一楼是店面，二三四楼是商场，楼层上全是公司，可以实地考察，还有一系列资源，供应商，烟证全部齐全，想创业的朋友或想低价转租经营权的朋友请联系，让你几万元也可以轻松创业。',NULL,NULL,NULL,NULL,NULL,NULL,NULL,NULL,NULL,'贵阳',NULL,NULL,0,'2017-09-25 18:34:43','2017-09-25 18:34:43','B86F5533AA384C5BBBE3F35A2EE65768','B86F5533AA384C5BBBE3F35A2EE65768',0,0),('24ee1067a1dd11e7a86e00163e0a58b3','生意转让','B86F5533AA384C5BBBE3F35A2EE65768','南明区脑百信电脑城楼下便利店',6.8,'百货超市',NULL,NULL,NULL,NULL,'18285100487','web.echsoft.cn/admin/20170919/n_v2a5c578a2ac3d44eeb81e9aa4b35cf44e.jpg','个人','南明公园南路脑百信电脑城','13','3000','消费人群均为年轻人，并且是整条街唯一一家便利店，收益无法估量，开餐饮行业也是佳的选择，因为这排门面没有一家餐馆，如感兴趣的朋友欢迎联系来店考察，非诚勿扰！','由于无人照看小孩，现忍痛转让南明区公园南路脑百信电脑城楼下便利店，转让费6.8万元，房租3000元一个月，房租低，好的就是5年内不涨房租，人流量超大',NULL,NULL,NULL,NULL,NULL,NULL,NULL,NULL,NULL,'贵阳',NULL,NULL,0,'2017-09-25 18:34:43','2017-09-25 18:34:43','B86F5533AA384C5BBBE3F35A2EE65768','B86F5533AA384C5BBBE3F35A2EE65768',0,0),('24f71deba1dd11e7a86e00163e0a58b3','生意转让','B86F5533AA384C5BBBE3F35A2EE65768','乌当新添寨生意店转让',5.5,'百货超市',NULL,NULL,NULL,NULL,'13984036875','web.echsoft.cn/admin/20170919/n_v1bj3gzryespjfrdmvqqpq.jpg,web.echsoft.cn/admin/20170919/n_v1bj3gzsadspjfqwvrk4yq.jpg,web.echsoft.cn/admin/20170919/n_v1bj3gzshxsljfqjsvxmdq.jpg,web.echsoft.cn/admin/20170919/n_v1bkuyfvo7shjfq3lti5hq.jpg,web.echsoft.cn/admin/20170919/n_v1bl2lwxwxshjfq2u7xyvq.jpg','个人','天骄瑞园61号门面','30','2415','本店内可以住人，可以做饭，床、桌等等可以赠送，还有三个冰箱是不用花钱买的喽，5.5万元包括店内的货和宽带，希有诚意者来电。','因本人搬家，离家远，所以想把店转让了',NULL,NULL,NULL,NULL,NULL,NULL,NULL,NULL,NULL,'贵阳',NULL,NULL,0,'2017-09-25 18:34:43','2017-09-25 18:34:43','B86F5533AA384C5BBBE3F35A2EE65768','B86F5533AA384C5BBBE3F35A2EE65768',0,0),('24febf55a1dd11e7a86e00163e0a58b3','生意转让','B86F5533AA384C5BBBE3F35A2EE65768','长江路小河万科花城百货超市',5,'百货超市',NULL,NULL,NULL,NULL,'18286145175','web.echsoft.cn/admin/20170919/n_v206cdd546d5594220bdb560f72d9cfa62.jpg','个人','小河万科花城','43','2000','门面新装修，空转，全转都可以','',NULL,NULL,NULL,NULL,NULL,NULL,NULL,NULL,NULL,'贵阳',NULL,NULL,0,'2017-09-25 18:34:43','2017-09-25 18:34:43','B86F5533AA384C5BBBE3F35A2EE65768','B86F5533AA384C5BBBE3F35A2EE65768',0,0),('2508d4f9a1dd11e7a86e00163e0a58b3','生意转让','B86F5533AA384C5BBBE3F35A2EE65768','白云区龚家寨龚北路百货超市',6,'百货超市',NULL,NULL,NULL,NULL,'13518503041','web.echsoft.cn/admin/20170919/n_v20a3650f5f9974c6eb4b4e1e6967f8cf7.jpg,web.echsoft.cn/admin/20170919/n_v255dfabff3eb94b5183fb774e6c4d2e85.jpg,web.echsoft.cn/admin/20170919/n_v2602db1a81896468ea92ec3001704a01f.jpg,web.echsoft.cn/admin/20170919/n_v23404a985241d4480b57a99672800dcf2.jpg','个人','白云区龚家寨龚北路','17','1000','临街门面，人流量大，租金便宜，做起无压力，合适各行各业','因家里两个小孩无从做起，所以忍痛转让，中介勿扰！',NULL,NULL,NULL,NULL,NULL,NULL,NULL,NULL,NULL,'贵阳',NULL,NULL,0,'2017-09-25 18:34:43','2017-09-25 18:34:43','B86F5533AA384C5BBBE3F35A2EE65768','B86F5533AA384C5BBBE3F35A2EE65768',0,0),('251351c2a1dd11e7a86e00163e0a58b3','生意转让','B86F5533AA384C5BBBE3F35A2EE65768','花果园C区当街门面日人流量万余',11.6,'百货超市',NULL,NULL,NULL,NULL,'17739976704','web.echsoft.cn/admin/20170919/n_v2c99176f975084dd9b05751f2bac8b469.jpg,web.echsoft.cn/admin/20170919/n_v28fa0e0799b734a93a92ed238422efa7f.jpg,web.echsoft.cn/admin/20170919/n_v240b72f5626e64dd68c6b0e6a1f3e3ad1.jpg,web.echsoft.cn/admin/20170919/n_v2342296a725dc44809148429f6a5517c4.jpg','个人','C区当街门面','35','8400','急转','本人有新项目投资，现决定成本价转出。门口为区域唯一人行道，背靠小区，门口日均人流量络绎不绝。',NULL,NULL,NULL,NULL,NULL,NULL,NULL,NULL,NULL,'贵阳',NULL,NULL,0,'2017-09-25 18:34:43','2017-09-25 18:34:43','B86F5533AA384C5BBBE3F35A2EE65768','B86F5533AA384C5BBBE3F35A2EE65768',0,0),('251b931da1dd11e7a86e00163e0a58b3','生意转让','B86F5533AA384C5BBBE3F35A2EE65768','恒峰步行街四楼B28百货超市',3,'百货超市',NULL,NULL,NULL,NULL,'18275185566','web.echsoft.cn/admin/20170919/n_v2ed95e18e48b747289ec2cf7b108e7f47.jpg,web.echsoft.cn/admin/20170919/n_v2f5e1be48dda34fccba0a6449effec913.jpg,web.echsoft.cn/admin/20170919/n_v255fc781bf7a84da3b30e8a874e060218.jpg,web.echsoft.cn/admin/20170919/n_v263c1569bc90b4615b159d64799ca3770.jpg,web.echsoft.cn/admin/20170919/n_v210296885b9a94c87991f30d94dde5526.jpg','个人','恒峰步行街四楼B28','35','2800','现低价转让，精装修转让即可经营，有固定老客户。','因本人工作繁忙，无多余时间管理。',NULL,NULL,NULL,NULL,NULL,NULL,NULL,NULL,NULL,'贵阳',NULL,NULL,0,'2017-09-25 18:34:44','2017-09-25 18:34:44','B86F5533AA384C5BBBE3F35A2EE65768','B86F5533AA384C5BBBE3F35A2EE65768',0,0),('252341e3a1dd11e7a86e00163e0a58b3','生意转让','B86F5533AA384C5BBBE3F35A2EE65768','大营坡财经学院后门独家百货超市',3.6,'百货超市',NULL,NULL,NULL,NULL,'15885414650','web.echsoft.cn/admin/20170919/n_v2c3952c967fd2435889967e88a9a9f300.jpg,web.echsoft.cn/admin/20170919/n_v2db926c84dd574cf8ac848d26bc62010b.jpg,web.echsoft.cn/admin/20170919/n_v2ea7d902ad6b6424c8e370bc38689d551.jpg,web.echsoft.cn/admin/20170919/n_v270d7fe34a9574f829dc0890e254d454f.jpg','个人','财经学院后门小区独家生意','40','1200','独家生意稳定收人每月平均纯利六七千铺内可住宿点货转让','没有任何转让费本人因另有发展才割爱转让',NULL,NULL,NULL,NULL,NULL,NULL,NULL,NULL,NULL,'贵阳',NULL,NULL,0,'2017-09-25 18:34:44','2017-09-25 18:34:44','B86F5533AA384C5BBBE3F35A2EE65768','B86F5533AA384C5BBBE3F35A2EE65768',0,0),('252b2fa8a1dd11e7a86e00163e0a58b3','生意转让','B86F5533AA384C5BBBE3F35A2EE65768','世纪城龙泉苑烟酒专卖店转让',25,'百货超市',NULL,NULL,NULL,NULL,'18696758058','web.echsoft.cn/admin/20170919/n_v2c6d1568ce87845d0b4646765f85dab59.jpg,web.echsoft.cn/admin/20170919/n_v2c55d04e7e5ad41609bef21041fa9693a.jpg,web.echsoft.cn/admin/20170919/n_v2d2c10117b6394628aabe5d352c4638eb.jpg,web.echsoft.cn/admin/20170919/n_v2ea8f97f391d64944aa51db98d3b623f7.jpg,web.echsoft.cn/admin/20170919/n_v219b2176cd19f43bf939c4a76e9d4ec4f.jpg,web.echsoft.cn/admin/20170919/n_v29427cfe807194648aa998dc3e44c8028.jpg','个人','龙泉苑','82','6000','一共有3层，一楼是临街商铺，有阁楼，二楼是麻将室整条街就次一家，三楼可以住人，有需要的可以联系我，非诚勿扰','因小孩上学得回老家，估把盈利店低价转让',NULL,NULL,NULL,NULL,NULL,NULL,NULL,NULL,NULL,'贵阳',NULL,NULL,0,'2017-09-25 18:34:44','2017-09-25 18:34:44','B86F5533AA384C5BBBE3F35A2EE65768','B86F5533AA384C5BBBE3F35A2EE65768',0,0),('25333dbfa1dd11e7a86e00163e0a58b3','生意转让','B86F5533AA384C5BBBE3F35A2EE65768','大山洞马掌坡路伊顿公馆百货超市',70,'百货超市',NULL,NULL,NULL,NULL,'17785124947','web.echsoft.cn/admin/20170919/n_v2b13c4b0188d34d79b06f69245e00408b.jpg,web.echsoft.cn/admin/20170919/n_v2e76acc7aefb843ab929589a37074a4b3.jpg,web.echsoft.cn/admin/20170919/n_v2e82fd78acf4e42d89edfddd889a5acaa.jpg,web.echsoft.cn/admin/20170919/n_v2680f5ca7a4bd4ca6a16b3c2828e9a578.jpg,web.echsoft.cn/admin/20170919/n_v218621d4cfeb940e399ac6204083a42c5.jpg','个人','马掌坡路伊顿公馆','210','8400','本店开将近四年，位置好，有固定客户。周边有学校、轻轨站。有意请致电详询！','',NULL,NULL,NULL,NULL,NULL,NULL,NULL,NULL,NULL,'贵阳',NULL,NULL,0,'2017-09-25 18:34:44','2017-09-25 18:34:44','B86F5533AA384C5BBBE3F35A2EE65768','B86F5533AA384C5BBBE3F35A2EE65768',0,0),('253b4f53a1dd11e7a86e00163e0a58b3','生意转让','B86F5533AA384C5BBBE3F35A2EE65768','长江路乐街小区百货超市',3,'百货超市',NULL,NULL,NULL,NULL,'18286036826','web.echsoft.cn/admin/20170919/n_v1bj3gzr4fqfrvqcuhpnga.jpg,web.echsoft.cn/admin/20170919/n_v1bj3gzr4gqfrvq4xlyv2q.jpg,web.echsoft.cn/admin/20170919/n_v1bj3gzr4hqfrvqzbkubma.jpg,web.echsoft.cn/admin/20170919/n_v1bkujjd4dqfrvrjwfr4uq.jpg,web.echsoft.cn/admin/20170919/n_v1bkuymc4eqfrvqgfo4yha.jpg,web.echsoft.cn/admin/20170919/n_v1bl2lwkmfqfrvqe5qaz3a.jpg','个人','贵阳小河长江路乐街小区','18','550','急转','贵阳小河长江路大型小区内商业旺铺转让，现盈利中，个人原因需转让！',NULL,NULL,NULL,NULL,NULL,NULL,NULL,NULL,NULL,'贵阳',NULL,NULL,0,'2017-09-25 18:34:44','2017-09-25 18:34:44','B86F5533AA384C5BBBE3F35A2EE65768','B86F5533AA384C5BBBE3F35A2EE65768',0,0),('2542edaba1dd11e7a86e00163e0a58b3','生意转让','B86F5533AA384C5BBBE3F35A2EE65768','西南商贸城二号楼百货超市',3.5,'百货超市',NULL,NULL,NULL,NULL,'13511929809','web.echsoft.cn/admin/20170919/n_v2bbee88db75b44ad1b5265a3826396b54.jpg,web.echsoft.cn/admin/20170919/n_v272527f96238a43babd0d4da99e19d71f.jpg,web.echsoft.cn/admin/20170919/n_v2177106567b354fee9c5f944ff3b19c8b.jpg','个人','西南商贸城二号楼','48','3500','精品门面，位于西南商贸城二号楼内，周边都是小商品商家，位置优越。','',NULL,NULL,NULL,NULL,NULL,NULL,NULL,NULL,NULL,'贵阳',NULL,NULL,0,'2017-09-25 18:34:44','2017-09-25 18:34:44','B86F5533AA384C5BBBE3F35A2EE65768','B86F5533AA384C5BBBE3F35A2EE65768',0,0),('2551d8cfa1dd11e7a86e00163e0a58b3','生意转让','B86F5533AA384C5BBBE3F35A2EE65768','东山渔安新城百货超市',19.8,'百货超市',NULL,NULL,NULL,NULL,'13707219285','web.echsoft.cn/admin/20170919/n_v2abac4618687e450487338e29e47ff685.jpg,web.echsoft.cn/admin/20170919/n_v2ae179d71e4c94d85b861975ae9926740.jpg,web.echsoft.cn/admin/20170919/n_v29a0520600cda4d9aba6b63c9fd76c8ac.jpg,web.echsoft.cn/admin/20170919/n_v218cf3a655d8b430cb991c6ae9a1485f4.jpg,web.echsoft.cn/admin/20170919/n_v2323f23ac6dbd48aaafb4b19a39591b5a.jpg,web.echsoft.cn/admin/20170919/n_v2376034d0c05d400eb197d42a09d434a9.jpg','个人','渔安新城B组团8栋','65','6100','正常经营中便利店，双门面哟，每个月盈利1.2万以上，本门面适合各种行业，意思是可以空转19.8万（不包含商品和房租），可以接受19.8万转让费的诚意老板可以直接过来看地段怎么样，具体面议，（地址:云岩区渔安新城B组团8栋可多便利店），中介勿扰，非诚勿扰。麻烦老板您看清楚了电话，不是要转门面的其他所有人电话勿扰，谢谢您理解。','',NULL,NULL,NULL,NULL,NULL,NULL,NULL,NULL,NULL,'贵阳',NULL,NULL,0,'2017-09-25 18:34:44','2017-09-25 18:34:44','B86F5533AA384C5BBBE3F35A2EE65768','B86F5533AA384C5BBBE3F35A2EE65768',0,0),('255b180aa1dd11e7a86e00163e0a58b3','生意转让','B86F5533AA384C5BBBE3F35A2EE65768','世纪城金源街26号百货超市',7,'百货超市',NULL,NULL,NULL,NULL,'13639061805','web.echsoft.cn/admin/20170919/n_v2e2a9ad2200ce42cd82c65bbdf1d1d8d3.jpg','个人','金源街26号','85','9500','世纪城金源街26号，恒辉农贸市场对面，贵阳市实验中学旁，金源街口公交车站，地理位置优越','由于工作调动迁居外地，无暇顾及不得不忍痛低价转让，6年老店经营稳定，证件齐全，诚心要的赶紧！',NULL,NULL,NULL,NULL,NULL,NULL,NULL,NULL,NULL,'贵阳',NULL,NULL,0,'2017-09-25 18:34:44','2017-09-25 18:34:44','B86F5533AA384C5BBBE3F35A2EE65768','B86F5533AA384C5BBBE3F35A2EE65768',0,0),('2562db18a1dd11e7a86e00163e0a58b3','生意转让','B86F5533AA384C5BBBE3F35A2EE65768','息烽文化北路手机一条街电子通讯',11.8,'百货超市',NULL,NULL,NULL,NULL,'13595115985','web.echsoft.cn/admin/20170919/n_v2a4285b80f61e4967bb3002d85876b0dd.jpg,web.echsoft.cn/admin/20170919/n_v2cbe6ea49948541bca3a7fe38e4633857.jpg,web.echsoft.cn/admin/20170919/n_v2f8d0ec50b1e143d1a038319b00c10507.jpg,web.echsoft.cn/admin/20170919/n_v2874e0038b9f54939860791a7db7336e5.jpg,web.echsoft.cn/admin/20170919/n_v23225b226588840c7814a21346ce7e702.jpg','个人','文化北路手机一条街','38','6000','合力超市对面，菜市出囗。','',NULL,NULL,NULL,NULL,NULL,NULL,NULL,NULL,NULL,'贵阳',NULL,NULL,0,'2017-09-25 18:34:44','2017-09-25 18:34:44','B86F5533AA384C5BBBE3F35A2EE65768','B86F5533AA384C5BBBE3F35A2EE65768',0,0),('256c2ff0a1dd11e7a86e00163e0a58b3','生意转让','B86F5533AA384C5BBBE3F35A2EE65768','花果园湘雅村临街店面转让',12.8,'百货超市',NULL,NULL,NULL,NULL,'13929411095','web.echsoft.cn/admin/20170919/n_v2a86fcc81eafe4bda9f3f5d5d466f4acf.jpg,web.echsoft.cn/admin/20170919/n_v25c8c744e281245c7a5e0e47e87547635.jpg,web.echsoft.cn/admin/20170919/n_v28ca87265cde54f8cbc4da9d7ec6383b3.jpg,web.echsoft.cn/admin/20170919/n_v22798cd362ab84d06a4b2fa67b9d0da8c.jpg,web.echsoft.cn/admin/20170919/','个人','湘雅村家电广场对面','40','7500','空辅转让，可带货，货按夲金，繁华地带','因本人生意照顾不过来现低价转让有意者实地考察。中介勿扰。',NULL,NULL,NULL,NULL,NULL,NULL,NULL,NULL,NULL,'贵阳',NULL,NULL,0,'2017-09-25 18:34:44','2017-09-25 18:34:44','B86F5533AA384C5BBBE3F35A2EE65768','B86F5533AA384C5BBBE3F35A2EE65768',0,0),('25749b7ba1dd11e7a86e00163e0a58b3','生意转让','B86F5533AA384C5BBBE3F35A2EE65768','头桥英杰路康明明星幼儿园电子通讯转让',3,'百货超市',NULL,NULL,NULL,NULL,'15111886006','web.echsoft.cn/admin/20170919/n_v2ae8f3675d629464e9e39ac69b3f7543a.jpg,web.echsoft.cn/admin/20170919/n_v2bd6e644a8f194c9e99d22ed3228632f5.jpg,web.echsoft.cn/admin/20170919/n_v251d7b8f79b1348b8bb6000489ebb215a.jpg,web.echsoft.cn/admin/20170919/n_v23360d45617694992a766a3d345397645.jpg','个人','英杰路康明明星幼儿园','28','1200','带货转4万空转3万‘因才结婚得回老家','',NULL,NULL,NULL,NULL,NULL,NULL,NULL,NULL,NULL,'贵阳',NULL,NULL,0,'2017-09-25 18:34:44','2017-09-25 18:34:44','B86F5533AA384C5BBBE3F35A2EE65768','B86F5533AA384C5BBBE3F35A2EE65768',0,0),('257cd85da1dd11e7a86e00163e0a58b3','生意转让','B86F5533AA384C5BBBE3F35A2EE65768','小河区淮河路菲翔超市旁电子通讯',20,'百货超市',NULL,NULL,NULL,NULL,'18586834594','web.echsoft.cn/admin/20170919/n_v20abc7aa14a04472d9280a3cdbd49c008.jpg,web.echsoft.cn/admin/20170919/n_v22cb28d0a79a740af9186e29d657b1e1c.jpg,web.echsoft.cn/admin/20170919/n_v27c94d274d4f04b21a1e70cf4aa8b0c44.jpg,web.echsoft.cn/admin/20170919/n_v27f1accb0d21a401ebdb09054f041bc7e.jpg,web.echsoft.cn/admin/20170919/n_v239a8cfe681b546fb94e6428eff476d88.jpg','个人','小河区淮河路菲翔超市旁','80','31000','急转','因个人原因本店面急需转让全套有意愿者转让费可谈',NULL,NULL,NULL,NULL,NULL,NULL,NULL,NULL,NULL,'贵阳',NULL,NULL,0,'2017-09-25 18:34:44','2017-09-25 18:34:44','B86F5533AA384C5BBBE3F35A2EE65768','B86F5533AA384C5BBBE3F35A2EE65768',0,0),('2584a331a1dd11e7a86e00163e0a58b3','生意转让','B86F5533AA384C5BBBE3F35A2EE65768','宅吉省老干活动中心电子通讯转让',8,'百货超市',NULL,NULL,NULL,NULL,'18230903604','web.echsoft.cn/admin/20170919/n_v2afb1bd2432894111a4006f4c1912b175.jpg,web.echsoft.cn/admin/20170919/n_v25fc6543b37dd4a009861a98d1d50e0af.jpg,web.echsoft.cn/admin/20170919/n_v27d7dd1186a6a4a7ba5fee26b810efc5f.jpg,web.echsoft.cn/admin/20170919/n_v215f3e4d09cd44366b60910dcf7bcab24.jpg,web.echsoft.cn/admin/20170919/n_v24339ac6ea9eb46ef9ba47ad9bce64eb3.jpg','个人','省老干活动中心','32','5472','店里一切业务正常。联通营业厅。可改做餐饮。也可继续做联通业务，**手机同号，还有四个月租金。vivo手机。OPPO手机押金。','',NULL,NULL,NULL,NULL,NULL,NULL,NULL,NULL,NULL,'贵阳',NULL,NULL,0,'2017-09-25 18:34:44','2017-09-25 18:34:44','B86F5533AA384C5BBBE3F35A2EE65768','B86F5533AA384C5BBBE3F35A2EE65768',0,0),('258f19afa1dd11e7a86e00163e0a58b3','生意转让','B86F5533AA384C5BBBE3F35A2EE65768','花果园家电广场2楼转让',6,'百货超市',NULL,NULL,NULL,NULL,'13765160580','web.echsoft.cn/admin/20170919/n_v2b7e7e2b69a974da58c164a1d87a21778.jpg,web.echsoft.cn/admin/20170919/n_v2d3bf10ab09a342739d0162e595504165.jpg,web.echsoft.cn/admin/20170919/n_v2eade4d0eb5a04837a568c039f4b711dd.jpg,web.echsoft.cn/admin/20170919/n_v23ec515435c1f42e58ef4ff618a3c88c9.jpg,web.echsoft.cn/admin/20170919/n_v244e59b2b1f6b4b0c8bd4df8074e08994.jpg','个人','家电广场2楼','20','4080','急转','厨电店，主营，油烟机，集成灶，消毒柜，灶，电热水器！',NULL,NULL,NULL,NULL,NULL,NULL,NULL,NULL,NULL,'贵阳',NULL,NULL,0,'2017-09-25 18:34:44','2017-09-25 18:34:44','B86F5533AA384C5BBBE3F35A2EE65768','B86F5533AA384C5BBBE3F35A2EE65768',0,0),('2596cd2ca1dd11e7a86e00163e0a58b3','生意转让','B86F5533AA384C5BBBE3F35A2EE65768','大营路云岩小学旁百货店转让',9,'百货超市',NULL,NULL,NULL,NULL,'18198243532','web.echsoft.cn/admin/20170919/n_v1bj3gzscie5nfsbetdeda.jpg,web.echsoft.cn/admin/20170919/n_v1bj3gzsfiennft54yu4fa.jpg,web.echsoft.cn/admin/20170919/n_v1bkujjd2je5nfsxwmj4ia.jpg,web.echsoft.cn/admin/20170919/n_v1bl2lwtnpennft4m7obwa.jpg','个人','大营路云岩小学','18','2800','急转','回家有事，门面转让，中介勿扰',NULL,NULL,NULL,NULL,NULL,NULL,NULL,NULL,NULL,'贵阳',NULL,NULL,0,'2017-09-25 18:34:44','2017-09-25 18:34:44','B86F5533AA384C5BBBE3F35A2EE65768','B86F5533AA384C5BBBE3F35A2EE65768',0,0),('259eef7ea1dd11e7a86e00163e0a58b3','生意转让','B86F5533AA384C5BBBE3F35A2EE65768','电脑城手机旺铺转让 无转让费',0.3,'百货超市',NULL,NULL,NULL,NULL,'18111926520','web.echsoft.cn/admin/20170919/n_v24a1c8e9f2d174c38b8aadb0659302e92.jpg,web.echsoft.cn/admin/20170919/n_v247347fcdbc3a41c389a81af141d59af3.jpg,web.echsoft.cn/admin/20170919/n_v2128305cf277d42248b330e7af86e400a.jpg,web.echsoft.cn/admin/20170919/n_v2456641a09ef84a21a2e349dfeeab5694.jpg','个人','脑百信电脑城','25','4500','店铺位于公园南路脑百信电脑城一楼，属于独立门面，位置好，装修家具齐全，宽带，电话已经装了一年，店里的展桌，陈列柜都有','由于本人家里有小孩子即将要出生，没有太多时间照看店面，所以寻找需要做电子产品的朋友。本人承诺没有中介费，没有转让费，接过来就可以马上做生意',NULL,NULL,NULL,NULL,NULL,NULL,NULL,NULL,NULL,'贵阳',NULL,NULL,0,'2017-09-25 18:34:44','2017-09-25 18:34:44','B86F5533AA384C5BBBE3F35A2EE65768','B86F5533AA384C5BBBE3F35A2EE65768',0,0),('25a6dd90a1dd11e7a86e00163e0a58b3','生意转让','B86F5533AA384C5BBBE3F35A2EE65768','花溪大学城10m²电子通讯店转',5,'百货超市',NULL,NULL,NULL,NULL,'18886018589','web.echsoft.cn/admin/20170919/n_v2c0ed544c23d642149c2126b86db3fcf4.jpg,web.echsoft.cn/admin/20170919/n_v2c463596ebbe54b8b8b3b5a3fe129f377.jpg,web.echsoft.cn/admin/20170919/n_v20d02b892915b47a8b539d226b07ea000.jpg,web.echsoft.cn/admin/20170919/n_v240aa7356917249588754374c74c651d9.jpg,web.echsoft.cn/admin/20170919/n_v2790c6a442b704cf7a19553f34a1f7ef0.jpg','个人','花溪大学城','10','2500','数码店在做手机维修电脑维修手机电脑周边配件快递不空转','',NULL,NULL,NULL,NULL,NULL,NULL,NULL,NULL,NULL,'贵阳',NULL,NULL,0,'2017-09-25 18:34:44','2017-09-25 18:34:44','B86F5533AA384C5BBBE3F35A2EE65768','B86F5533AA384C5BBBE3F35A2EE65768',0,0),('25afe8aba1dd11e7a86e00163e0a58b3','生意转让','B86F5533AA384C5BBBE3F35A2EE65768','百花新城路口君悦国际低价转让',10,'百货超市',NULL,NULL,NULL,NULL,'18685003546','web.echsoft.cn/admin/20170919/n_v26cfc811e9d8947e398b5e9de69b4adde.jpg,web.echsoft.cn/admin/20170919/n_v232d2237aa13e4b4cb7315766851e1603.jpg,web.echsoft.cn/admin/20170919/n_v227015cb4bf1d447e9b053f3a269770b6.jpg','个人','百花新城路口君悦国际正对','113','7650','门面地段好，可以做任何行业，租金低房租按季度付！中介勿扰，','',NULL,NULL,NULL,NULL,NULL,NULL,NULL,NULL,NULL,'贵阳',NULL,NULL,0,'2017-09-25 18:34:45','2017-09-25 18:34:45','B86F5533AA384C5BBBE3F35A2EE65768','B86F5533AA384C5BBBE3F35A2EE65768',0,0),('25b77b93a1dd11e7a86e00163e0a58b3','生意转让','B86F5533AA384C5BBBE3F35A2EE65768','南明周边市口好马路边电子通讯店',2,'百货超市',NULL,NULL,NULL,NULL,'15685758555','web.echsoft.cn/admin/20170919/n_v2c19773629ab745789a499e158edea594.jpg,web.echsoft.cn/admin/20170919/n_v24cf7551576c74ed4a037db1c0e145412.jpg,web.echsoft.cn/admin/20170919/n_v280bbce77625648b48d2d0203047c94eb.jpg','个人','','110','7500','门面市口极好','因家中有事无人打理急转，装修费2万，押金2万，房租三个月交一次',NULL,NULL,NULL,NULL,NULL,NULL,NULL,NULL,NULL,'贵阳',NULL,NULL,0,'2017-09-25 18:34:45','2017-09-25 18:34:45','B86F5533AA384C5BBBE3F35A2EE65768','B86F5533AA384C5BBBE3F35A2EE65768',0,0),('25bf30dfa1dd11e7a86e00163e0a58b3','生意转让','B86F5533AA384C5BBBE3F35A2EE65768','金阳客车站4号广场电子通讯',10,'百货超市',NULL,NULL,NULL,NULL,'13985159028','web.echsoft.cn/admin/20170919/n_v20562d0a030334d40814e44401e9b62a2.jpg,web.echsoft.cn/admin/20170919/n_v25468d9215d114061a51f5475ac9b674d.jpg','个人','金阳客车站4号广场D区3楼81号','88','7920','急转','本人人手不够。现将旺铺转让',NULL,NULL,NULL,NULL,NULL,NULL,NULL,NULL,NULL,'贵阳',NULL,NULL,0,'2017-09-25 18:34:45','2017-09-25 18:34:45','B86F5533AA384C5BBBE3F35A2EE65768','B86F5533AA384C5BBBE3F35A2EE65768',0,0),('25d04003a1dd11e7a86e00163e0a58b3','生意转让','B86F5533AA384C5BBBE3F35A2EE65768','三桥后坝加油站后面电子通讯',4,'百货超市',NULL,NULL,NULL,NULL,'13984050576','web.echsoft.cn/admin/20170919/n_v2b8fd095e56fb487f9ae3564e28cb10d9.jpg,web.echsoft.cn/admin/20170919/n_v21c17423308f34e48a32a8a490dbe0b1a.jpg','个人','后坝粮油批发市场正对面','40','2300','急转','本人因自己一个人带着孩子看店太累了之前营业了7.8年时间生完孩子后老公看另一个店走不开无法接应我这边坚持一个人带着孩子看店一年了比较累人流量大不然真的舍不得转里面可住人煮饭厕所空转有意者电话联系',NULL,NULL,NULL,NULL,NULL,NULL,NULL,NULL,NULL,'贵阳',NULL,NULL,0,'2017-09-25 18:34:45','2017-09-25 18:34:45','B86F5533AA384C5BBBE3F35A2EE65768','B86F5533AA384C5BBBE3F35A2EE65768',0,0),('25d8dfa7a1dd11e7a86e00163e0a58b3','生意转让','B86F5533AA384C5BBBE3F35A2EE65768','中华北路星力超市手机店面转让',2.8,'百货超市',NULL,NULL,NULL,NULL,'15185114766','web.echsoft.cn/admin/20170919/n_v2f90d54ce72b04561bbcb4f2ea545c2eb.jpg,web.echsoft.cn/admin/20170919/n_v2157272fcf90a4034bec4ad9abbfbd361.jpg','个人','星力超市','40','300','人流量一般配件和运营商业务好做手机销售40台每月','',NULL,NULL,NULL,NULL,NULL,NULL,NULL,NULL,NULL,'贵阳',NULL,NULL,0,'2017-09-25 18:34:45','2017-09-25 18:34:45','B86F5533AA384C5BBBE3F35A2EE65768','B86F5533AA384C5BBBE3F35A2EE65768',0,0),('25e06399a1dd11e7a86e00163e0a58b3','生意转让','B86F5533AA384C5BBBE3F35A2EE65768','市西路瑞金电子城手机店',0.55,'百货超市',NULL,NULL,NULL,NULL,'13114099666','web.echsoft.cn/admin/20170919/n_v2d9fc62f147324b1397dfd84de432e2a8.jpg,web.echsoft.cn/admin/20170919/n_v2dcfb76b7c9f14ce8b7944bc35db91ad7.jpg,web.echsoft.cn/admin/20170919/n_v20dd763fe066a423395ef0888ec74a3c1.jpg','个人','瑞金电子城','40','3000','其它城市业务，照顾不过来，花了2万多，5500转了','',NULL,NULL,NULL,NULL,NULL,NULL,NULL,NULL,NULL,'贵阳',NULL,NULL,0,'2017-09-25 18:34:45','2017-09-25 18:34:45','B86F5533AA384C5BBBE3F35A2EE65768','B86F5533AA384C5BBBE3F35A2EE65768',0,0),('25e8558da1dd11e7a86e00163e0a58b3','生意转让','B86F5533AA384C5BBBE3F35A2EE65768','乌当金华乡镇结合区电子手机店',6,'百货超市',NULL,NULL,NULL,NULL,'15285983633','web.echsoft.cn/admin/20170919/n_v1bkuyfvngfigfsj7lxznq.jpg,web.echsoft.cn/admin/20170919/n_v1bkuymc5hfigft52mmanq.jpg,web.echsoft.cn/admin/20170919/n_v1bl2lwxvifigft6zwnnpa.jpg','个人','乌当金华','30','2700','门面转让，手机柜台灯箱配件柜台都是新的，一来就可以做生意。中间位置有个菜场出口，人流量大，有稳定客户，外来务工人员多，每6天赶一次集。无论做哪行都潜力无限！因家里有急事处理需要转让，有意者欢迎前来咨询。','',NULL,NULL,NULL,NULL,NULL,NULL,NULL,NULL,NULL,'贵阳',NULL,NULL,0,'2017-09-25 18:34:45','2017-09-25 18:34:45','B86F5533AA384C5BBBE3F35A2EE65768','B86F5533AA384C5BBBE3F35A2EE65768',0,0),('25f2d19da1dd11e7a86e00163e0a58b3','生意转让','B86F5533AA384C5BBBE3F35A2EE65768','花溪公园美食城旺铺生意转让',0,'百货超市',NULL,NULL,NULL,NULL,'13984404891','web.echsoft.cn/admin/20170919/n_v2cf97c75cc2924199ba8b53b85a3fb38b.jpg,web.echsoft.cn/admin/20170919/n_v2d2f752c0239446e1922a883b4aa1c617.jpg,web.echsoft.cn/admin/20170919/n_v2fb42e3a6745d4ffeb90d8ae6a5a7a8da.jpg','个人','花溪公园','87','14000','急转！！有意者可面谈转让价格！！！！！请各种什么第三方中介不要打我电话！本店位于花溪公园地下商场餐饮区，人流量大，学生多，租金较低，无压力。合同面积87平（含商场公摊），实际面积60平左右，可经营类型较多，目前还在营业中，本转让费为空转价格，不含设备、用品及房租，如需设备可打折处理，房租3个月一缴。有意者可电联或实地考察，价格还可面谈！个人发布中介勿扰！','',NULL,NULL,NULL,NULL,NULL,NULL,NULL,NULL,NULL,'贵阳',NULL,NULL,0,'2017-09-25 18:34:45','2017-09-25 18:34:45','B86F5533AA384C5BBBE3F35A2EE65768','B86F5533AA384C5BBBE3F35A2EE65768',0,0),('26007fd3a1dd11e7a86e00163e0a58b3','生意转让','B86F5533AA384C5BBBE3F35A2EE65768','花果园北京八中附近教育培训转让',5,'教育',NULL,NULL,NULL,NULL,'13765162319','web.echsoft.cn/admin/20170919/n_v2f6aad8f398cb40d1a0dbea6335cf26b4.jpg,web.echsoft.cn/admin/20170919/n_v2ffbdeddfce8e44a28eb0b2112ec3f428.jpg,web.echsoft.cn/admin/20170919/n_v265eddbf6ba5a4314b54d17ac887fb83f.jpg,web.echsoft.cn/admin/20170919/n_v21172335596b34e289a6faa7dd9e93a45.jpg','个人','北京八中附近','250','5000','转让，合租，寻找合作伙伴，多种合作型式。具体事项面议','',NULL,NULL,NULL,NULL,NULL,NULL,NULL,NULL,NULL,'贵阳',NULL,NULL,0,'2017-09-25 18:34:45','2017-09-25 18:34:45','B86F5533AA384C5BBBE3F35A2EE65768','B86F5533AA384C5BBBE3F35A2EE65768',0,0),('2608dd53a1dd11e7a86e00163e0a58b3','生意转让','B86F5533AA384C5BBBE3F35A2EE65768','大十字教育培训机构转让189m²',9.9,'教育',NULL,NULL,NULL,NULL,'13885104266','web.echsoft.cn/admin/20170919/n_v2f937e7ec239e40bfbdb217a942f66a5b.jpg,web.echsoft.cn/admin/20170919/n_v22dfe84b02b0c44d09f5094c701ceb3e5.jpg,web.echsoft.cn/admin/20170919/n_v287afc0d126e54566b1c3d328dcd9f6ac.jpg','个人','正新街富水花园','189','4700','7室1厅1厨1厕1储藏室，场地，办公器材，师资和生源。','因怀二胎无精力经营。',NULL,NULL,NULL,NULL,NULL,NULL,NULL,NULL,NULL,'贵阳',NULL,NULL,0,'2017-09-25 18:34:45','2017-09-25 18:34:45','B86F5533AA384C5BBBE3F35A2EE65768','B86F5533AA384C5BBBE3F35A2EE65768',0,0),('2610cc4da1dd11e7a86e00163e0a58b3','生意转让','B86F5533AA384C5BBBE3F35A2EE65768','遵义路尚义小学午托转让',1,'教育',NULL,NULL,NULL,NULL,'18275090088','web.echsoft.cn/admin/20170919/n_v2d628aabc68664761bcae30d51235227b.jpg,web.echsoft.cn/admin/20170919/n_v20bea7801182842c3b04754c10e8a81b4.jpg,web.echsoft.cn/admin/20170919/n_v29bfadb04ad3f444090d02b86332a3d7a.jpg,web.echsoft.cn/admin/20170919/n_v240f05d1cc326499cbc647f4614802d90.jpg','个人','尚义小学','120','3400','急转','经营多年，有固定生源，现有其他事，所以希望有爱心之人接手',NULL,NULL,NULL,NULL,NULL,NULL,NULL,NULL,NULL,'贵阳',NULL,NULL,0,'2017-09-25 18:34:45','2017-09-25 18:34:45','B86F5533AA384C5BBBE3F35A2EE65768','B86F5533AA384C5BBBE3F35A2EE65768',0,0),('261864eea1dd11e7a86e00163e0a58b3','生意转让','B86F5533AA384C5BBBE3F35A2EE65768','艺术培训中心找合作人',4,'教育',NULL,NULL,NULL,NULL,'17708538797','web.echsoft.cn/admin/20170919/n_v2c1c145e9e74c4f7d89972f6437350851.jpg,web.echsoft.cn/admin/20170919/n_v2c24520d3bd974d41a891628ee991cb31.jpg','个人','双子塔旁','158','400','全国加盟的艺术培训，有总部强大的团队支持，标准化招生和运营系统，重要的是去按照流程做就可以达到目标。','本人因近过度劳累导致身体不好，想找个合伙人一起创业。',NULL,NULL,NULL,NULL,NULL,NULL,NULL,NULL,NULL,'贵阳',NULL,NULL,0,'2017-09-25 18:34:45','2017-09-25 18:34:45','B86F5533AA384C5BBBE3F35A2EE65768','B86F5533AA384C5BBBE3F35A2EE65768',0,0),('262045f7a1dd11e7a86e00163e0a58b3','生意转让','B86F5533AA384C5BBBE3F35A2EE65768','三桥和尚坡广信四季家园住宅教育培训',1.5,'教育',NULL,NULL,NULL,NULL,'18585056215','web.echsoft.cn/admin/20170919/n_v2d79bcb4f82584c95aa93959dfa65b23f.jpg,web.echsoft.cn/admin/20170919/n_v22ed2ca0e23174eaca69304da605bf3df.jpg,web.echsoft.cn/admin/20170919/n_v28cf97001d3df4f229f592242d263b122.jpg,web.echsoft.cn/admin/20170919/n_v28d47a646cdb44144ad1da41d01e8a09a.jpg,web.echsoft.cn/admin/20170919/n_v216fd5e4d5936490d9278bd170000d80c.jpg,web.echsoft.cn/admin/20170919/n_v26928378fb0994cb8a27e080296247d81.jpg','个人','和尚坡广信四季家园','160','2000','急转','位置优越，距离学校近，宽敞明亮，桌椅齐全，带房租。',NULL,NULL,NULL,NULL,NULL,NULL,NULL,NULL,NULL,'贵阳',NULL,NULL,0,'2017-09-25 18:34:45','2017-09-25 18:34:45','B86F5533AA384C5BBBE3F35A2EE65768','B86F5533AA384C5BBBE3F35A2EE65768',0,0),('2628498ca1dd11e7a86e00163e0a58b3','生意转让','B86F5533AA384C5BBBE3F35A2EE65768','富水北路圆通街一楼午托班转让',9,'教育',NULL,NULL,NULL,NULL,'13639040969','web.echsoft.cn/admin/20170919/n_v2afb616348aa944a7a42134efc03680b9.jpg,web.echsoft.cn/admin/20170919/n_v2b58dbe7a3b584548a1f59f777fc32d5e.jpg,web.echsoft.cn/admin/20170919/n_v2f410925b1aef4925a74c97a8ddccaff7.jpg','个人','富水北路圆通街','90','3600','富水北路圆通街午托班转让一楼','',NULL,NULL,NULL,NULL,NULL,NULL,NULL,NULL,NULL,'贵阳',NULL,NULL,0,'2017-09-25 18:34:45','2017-09-25 18:34:45','B86F5533AA384C5BBBE3F35A2EE65768','B86F5533AA384C5BBBE3F35A2EE65768',0,0),('263aca37a1dd11e7a86e00163e0a58b3','生意转让','B86F5533AA384C5BBBE3F35A2EE65768','小河转盘舞蹈学校招租寻合作伙伴',10,'教育',NULL,NULL,NULL,NULL,'18096090700','web.echsoft.cn/admin/20170919/n_v2f673d262d59842d79c4f8a394c9609b8.jpg,web.echsoft.cn/admin/20170919/n_v21c1d95ec48b240709ec295d757dadf38.jpg,web.echsoft.cn/admin/20170919/n_v259e56c5e19ab45bfa8f39c8bf05b1736.jpg,web.echsoft.cn/admin/20170919/n_v2612ba371655049449ea471ea06673b68.jpg','个人','小河转盘','550','9000','该舞蹈学校位于小河转盘黄金地段。对面实验一小，旁边两所幼儿园，生源广泛，周边银行，医院，电影院，菜场各项设施齐全。','生活便利。业主因学生多忙不过来，现欲招租或寻求合作伙伴。有意者联系。',NULL,NULL,NULL,NULL,NULL,NULL,NULL,NULL,NULL,'贵阳',NULL,NULL,0,'2017-09-25 18:34:45','2017-09-25 18:34:45','B86F5533AA384C5BBBE3F35A2EE65768','B86F5533AA384C5BBBE3F35A2EE65768',0,0),('2644081ea1dd11e7a86e00163e0a58b3','生意转让','B86F5533AA384C5BBBE3F35A2EE65768','盈利幼儿园转让，生源稳定！',15,'教育',NULL,NULL,NULL,NULL,'18984008113','web.echsoft.cn/admin/20170919/n_v2baba2945ddac45aabf3a5213aac84ff9.jpg,web.echsoft.cn/admin/20170919/n_v26f81be3931864d729c0a91726eadf1cb.jpg,web.echsoft.cn/admin/20170919/n_v28bf25e1a8638458b8a60715e84a7a263.jpg,web.echsoft.cn/admin/20170919/n_v202d5ef0f88cc4db6ab97992128d1dccb.jpg,web.echsoft.cn/admin/20170919/n_v269bc4f50f1634556b1a2cc8dc85c708a.jpg,web.echsoft.cn/admin/20170919/n_v27894b5035d9847b9a2a756fd234ce40d.jpg','个人','二戈寨八公里摆郎机械厂附','800','20000','盈利幼儿园转让，生源稳定','因有其他业务开展，无心管理，现低价转让，目前有40个娃娃，周边适龄儿童多。有意电话咨询！',NULL,NULL,NULL,NULL,NULL,NULL,NULL,NULL,NULL,'贵阳',NULL,NULL,0,'2017-09-25 18:34:45','2017-09-25 18:34:45','B86F5533AA384C5BBBE3F35A2EE65768','B86F5533AA384C5BBBE3F35A2EE65768',0,0),('264c27c9a1dd11e7a86e00163e0a58b3','生意转让','B86F5533AA384C5BBBE3F35A2EE65768','花果园教育培训机构 晚托班转让',1.6,'教育',NULL,NULL,NULL,NULL,'15086007235','web.echsoft.cn/admin/20170919/n_v1bj3gzr5bkqavsn3ezyia.jpg,web.echsoft.cn/admin/20170919/n_v1bj3gzsfakqavsa5fir6q.jpg,web.echsoft.cn/admin/20170919/n_v1bkujjd5bkqavt7k6avqq.jpg,web.echsoft.cn/admin/20170919/n_v1bl2lwkfbkqavt5jkceha.jpg,web.echsoft.cn/admin/20170919/n_v1bl2lwtnakqavsrbisawa.jpg,web.echsoft.cn/admin/20170919/n_v1bl2lwwnakqavsgabozra.jpg','个人','花果园v区','110','2000','设施完备，直接入户经营。机构所在地为V区9栋一单元12楼，左边是北京八中和花果园第二小学（南明小学分校），右边不远处是花果园第三小学（达德小学分校），正对面将是一片繁华商业区，对于办补习学校而言，地势可谓得天独厚。转让细节可当面详谈，','因个人工作原因，现将名师教育机构及晚托班外搭20名学生资源全权转让。',NULL,NULL,NULL,NULL,NULL,NULL,NULL,NULL,NULL,'贵阳',NULL,NULL,0,'2017-09-25 18:34:46','2017-09-25 18:34:46','B86F5533AA384C5BBBE3F35A2EE65768','B86F5533AA384C5BBBE3F35A2EE65768',0,0),('265411b8a1dd11e7a86e00163e0a58b3','生意转让','B86F5533AA384C5BBBE3F35A2EE65768','长江路黄金地段服装店铺',5,'教育',NULL,NULL,NULL,NULL,'18198251303','web.echsoft.cn/admin/20170919/n_v25381af5da5584eaf83632337c8bfd9ac.jpg','个人','长江路黄金地段','30','3500','急需转让高盈利店铺。有意者可联系我本人，中介及快转公司等请勿骚扰。','因家事无法正常营业',NULL,NULL,NULL,NULL,NULL,NULL,NULL,NULL,NULL,'贵阳',NULL,NULL,0,'2017-09-25 18:34:46','2017-09-25 18:34:46','B86F5533AA384C5BBBE3F35A2EE65768','B86F5533AA384C5BBBE3F35A2EE65768',0,0),('265c0829a1dd11e7a86e00163e0a58b3','生意转让','B86F5533AA384C5BBBE3F35A2EE65768','花果园一期幼儿园转让',20,'教育',NULL,NULL,NULL,NULL,'13595116704','web.echsoft.cn/admin/20170919/n_v2e448c39698c842cbb67fc5c134bde4bd.jpg,web.echsoft.cn/admin/20170919/n_v23af12e548f99422697ec436c5a5e68e0.jpg,web.echsoft.cn/admin/20170919/n_v224d6172c777d4bfc915b4e7058cc2ae4.jpg,web.echsoft.cn/admin/20170919/n_v230eefc572b5d4b79b438251f8e7e40f3.jpg,web.echsoft.cn/admin/20170919/n_v2861295334a034221a989409740599f81.jpg','个人','花果园 一期','110','5000','有户外活动场地，有生源。','',NULL,NULL,NULL,NULL,NULL,NULL,NULL,NULL,NULL,'贵阳',NULL,NULL,0,'2017-09-25 18:34:46','2017-09-25 18:34:46','B86F5533AA384C5BBBE3F35A2EE65768','B86F5533AA384C5BBBE3F35A2EE65768',0,0),('26639ff7a1dd11e7a86e00163e0a58b3','生意转让','B86F5533AA384C5BBBE3F35A2EE65768','花果园环西小学半山小镇教育培训',3,'教育',NULL,NULL,NULL,NULL,'15185141124','web.echsoft.cn/admin/20170919/n_v21ea6af118c18442dae9b8d543d05b16e.jpg,web.echsoft.cn/admin/20170919/n_v23f98948715b6496b93e860e067ba0187.jpg,web.echsoft.cn/admin/20170919/n_v27db2242f73db46febd7bc18da19698fb.jpg','个人','w2区半山小镇3栋','105','2000','急转','现有固定学生，因本人身体原因转让，接手可盈利',NULL,NULL,NULL,NULL,NULL,NULL,NULL,NULL,NULL,'贵阳',NULL,NULL,0,'2017-09-25 18:34:46','2017-09-25 18:34:46','B86F5533AA384C5BBBE3F35A2EE65768','B86F5533AA384C5BBBE3F35A2EE65768',0,0),('266b611da1dd11e7a86e00163e0a58b3','生意转让','B86F5533AA384C5BBBE3F35A2EE65768','万科城小天才托管中心转让',3,'教育',NULL,NULL,NULL,NULL,'13639028142','web.echsoft.cn/admin/20170919/n_v2ce532a2e5ec5450f96897c1014b009b4.jpg,web.echsoft.cn/admin/20170919/n_v25d3e0714e20540c38699a6f9aa6259b6.jpg,web.echsoft.cn/admin/20170919/n_v238f75ccc110249e5941d67b9597cdddf.jpg,web.echsoft.cn/admin/20170919/n_v248ddaf273dd04603a7b014d0606e8425.jpg,web.echsoft.cn/admin/20170919/n_v276da3e5753d740cfbf5b98a8d8ae1a92.jpg,web.echsoft.cn/admin/20170919/n_v2275b1a46ecf5442d8a0c94c5a84182ba.jpg','个人','万科城C区12栋402','77','1500','急转','因个人原因，现将午托班转让，有意者请联系。',NULL,NULL,NULL,NULL,NULL,NULL,NULL,NULL,NULL,'贵阳',NULL,NULL,0,'2017-09-25 18:34:46','2017-09-25 18:34:46','B86F5533AA384C5BBBE3F35A2EE65768','B86F5533AA384C5BBBE3F35A2EE65768',0,0),('26734db2a1dd11e7a86e00163e0a58b3','生意转让','B86F5533AA384C5BBBE3F35A2EE65768','花果园中小学校旁边托管教育急转让',1.5,'教育',NULL,NULL,NULL,NULL,'13688513183','web.echsoft.cn/admin/20170919/n_v2c46269b62ac24a2b97b55462a6435bf9.jpg,web.echsoft.cn/admin/20170919/n_v2cc0118a020574c8485d33637738ab696.jpg,web.echsoft.cn/admin/20170919/n_v2efe17ea5f6764db9804997f340245b92.jpg,web.echsoft.cn/admin/20170919/n_v22b469199de2342e5b9faa5bbdf14eb90.jpg,web.echsoft.cn/admin/20170919/n_v27a2d364a0cf849269cbd6578f85b09b0.jpg,web.echsoft.cn/admin/20170919/n_v291202c2c19214b10a271999112a3c9b6.jpg','个人','中小学校旁边','80','2400','急转','地段好，花果园北京八中中学和南明小学分校旁边因家里有事不得不转让。',NULL,NULL,NULL,NULL,NULL,NULL,NULL,NULL,NULL,'贵阳',NULL,NULL,0,'2017-09-25 18:34:46','2017-09-25 18:34:46','B86F5533AA384C5BBBE3F35A2EE65768','B86F5533AA384C5BBBE3F35A2EE65768',0,0),('267b03e9a1dd11e7a86e00163e0a58b3','生意转让','B86F5533AA384C5BBBE3F35A2EE65768','精品培训机构急转，好生意',1.5,'教育',NULL,NULL,NULL,NULL,'18285069501','web.echsoft.cn/admin/20170919/n_v2e2264d2e59ea4b9597dc2367a5fbbdf0.jpg,web.echsoft.cn/admin/20170919/n_v21e5d1158b6f44fddaa2d3e0e53ad93d9.jpgn_v24a754ef0e28e49e2b86762b5e3c9927b.jpg,web.echsoft.cn/admin/20170919/n_v28a68c118ad3f47fe80fe3c585c246687.jpg,web.echsoft.cn/admin/20170919/n_v221fc4d2f998143bb83c677534324d0c1.jpg,web.echsoft.cn/admin/20170919/n_v27969d14f6afa4ff6a7ebb85d7a49980f.jpg','个人','','120','1500','急转','因本人怀孕，忍痛转让一手做起来的培训机构。',NULL,NULL,NULL,NULL,NULL,NULL,NULL,NULL,NULL,'贵阳',NULL,NULL,0,'2017-09-25 18:34:46','2017-09-25 18:34:46','B86F5533AA384C5BBBE3F35A2EE65768','B86F5533AA384C5BBBE3F35A2EE65768',0,0),('2682b1f9a1dd11e7a86e00163e0a58b3','生意转让','B86F5533AA384C5BBBE3F35A2EE65768','金阳会展城教育培训',100,'教育',NULL,NULL,NULL,NULL,'13885015385','web.echsoft.cn/admin/20170919/n_v28d78a219bcf1462caa8202725456e7d4.jpg,web.echsoft.cn/admin/20170919/n_v28d78a219bcf1462caa8202725456e7d4.jpg,web.echsoft.cn/admin/20170919/n_v2718bfce0f27b4b59a387b37b7a5d3f29.jpg','个人','金阳会展城','1100','30000','精装修，也可以合作一起创造','',NULL,NULL,NULL,NULL,NULL,NULL,NULL,NULL,NULL,'贵阳',NULL,NULL,0,'2017-09-25 18:34:46','2017-09-25 18:34:46','B86F5533AA384C5BBBE3F35A2EE65768','B86F5533AA384C5BBBE3F35A2EE65768',0,0),('268b0d6fa1dd11e7a86e00163e0a58b3','生意转让','B86F5533AA384C5BBBE3F35A2EE65768','世纪城龙禧苑教育培训转让',18,'教育',NULL,NULL,NULL,NULL,'13639024080','web.echsoft.cn/admin/20170919/n_v2c02f15ba6ac6424d8dba49d72a78227d.jpg,web.echsoft.cn/admin/20170919/n_v2d6bd1916755a476a901c3066c0e9c636.jpg,web.echsoft.cn/admin/20170919/n_v2dffcb083d2d84158b567fdae52187819.jpg,web.echsoft.cn/admin/20170919/n_v29295d390c6cf4512b3d25a3a83445659.jpg,web.echsoft.cn/admin/20170919/n_v29990add1a51b4a7b80885cb8799016f8.jpg,web.echsoft.cn/admin/20170919/n_v2459925754f8847df87ccdbac4b72787c.jpg','个人','龙禧苑','300','3600','地段好，房租低，高档装修','',NULL,NULL,NULL,NULL,NULL,NULL,NULL,NULL,NULL,'贵阳',NULL,NULL,0,'2017-09-25 18:34:46','2017-09-25 18:34:46','B86F5533AA384C5BBBE3F35A2EE65768','B86F5533AA384C5BBBE3F35A2EE65768',0,0),('2692d4cca1dd11e7a86e00163e0a58b3','生意转让','B86F5533AA384C5BBBE3F35A2EE65768','龚家寨龚中路建行旁边门面转让',3,'教育',NULL,NULL,NULL,NULL,'13595132128','web.echsoft.cn/admin/20170919/n_v28de6b45a8874478981c731bd773b4f05.jpg','个人','龚中路','30','1850','该门面位于白云区龚家寨建行旁边，附近人流量挺大的，特别是学生，因为白云六小、六中、技校、铝厂幼儿园、白云公立幼儿园、旁边还有一所私立学校、铝厂的职工上下班也要从这里经过。我现在是做驾校报名用的。','由于我有其他事情忙，现在想低价转让出去，除了餐饮什么都可以做。有意者可联系我！中介勿扰！',NULL,NULL,NULL,NULL,NULL,NULL,NULL,NULL,NULL,'贵阳',NULL,NULL,0,'2017-09-25 18:34:46','2017-09-25 18:34:46','B86F5533AA384C5BBBE3F35A2EE65768','B86F5533AA384C5BBBE3F35A2EE65768',0,0),('269ae10fa1dd11e7a86e00163e0a58b3','生意转让','B86F5533AA384C5BBBE3F35A2EE65768','宅吉实验二中斜对面教育培训机构转',3,'教育',NULL,NULL,NULL,NULL,'18008514520','web.echsoft.cn/admin/20170919/n_v1bj3gzsd4vr5vqh2ffy5a.jpg,web.echsoft.cn/admin/20170919/n_v1bkujjd35vr5vq7oj5byq.jpg,web.echsoft.cn/admin/20170919/n_v1bkujjd36vr5vqyianznq.jpg,web.echsoft.cn/admin/20170919/n_v1bkujjd36vr5vrdc4mrca.jpg,web.echsoft.cn/admin/20170919/n_v1bl2lwkd4vr5vrz3b4qmq.jpg,web.echsoft.cn/admin/20170919/n_v1bl2lwkd5vr5vqzuu7jxq.jpg','个人','宅吉小区','150','2500','盈利午托班&补习中心低价转让(转让费可谈)，因本人工作原因无暇打理','房子平时可做午托，周末、假期可做补习中心，距实验二中1分钟路程，实验二小3分钟路程，房子大有小院子，设施齐全，接手可做，如开补习中心，有中小学各科教师资源提供。非诚勿扰！',NULL,NULL,NULL,NULL,NULL,NULL,NULL,NULL,NULL,'贵阳',NULL,NULL,0,'2017-09-25 18:34:46','2017-09-25 18:34:46','B86F5533AA384C5BBBE3F35A2EE65768','B86F5533AA384C5BBBE3F35A2EE65768',0,0),('26a31f06a1dd11e7a86e00163e0a58b3','生意转让','B86F5533AA384C5BBBE3F35A2EE65768','钻石广场转盘场地急转，可办公、美容',3,'教育',NULL,NULL,NULL,NULL,'18275049506','web.echsoft.cn/admin/20170919/n_v1bl2lwkfysimvtt3d65oa.jpg,web.echsoft.cn/admin/20170919/n_v1bl2lwknwsimvtm3cdu4q.jpg,web.echsoft.cn/admin/20170919/n_v1bl2lwtnwsimvtjgy54na.jpg,web.echsoft.cn/admin/20170919/n_v1bl2lwxv7simvs5ulxvca.jpg','个人','钻石广场转盘处国际商城楼','150','4500','可做办公场所，美容美发，新装修','',NULL,NULL,NULL,NULL,NULL,NULL,NULL,NULL,NULL,'贵阳',NULL,NULL,0,'2017-09-25 18:34:46','2017-09-25 18:34:46','B86F5533AA384C5BBBE3F35A2EE65768','B86F5533AA384C5BBBE3F35A2EE65768',0,0),('26ab03fba1dd11e7a86e00163e0a58b3','生意转让','B86F5533AA384C5BBBE3F35A2EE65768','文昌北路邮政综合大厦教育培训转让',0.5,'教育',NULL,NULL,NULL,NULL,'18798781516','web.echsoft.cn/admin/20170919/n_v2d46e3d920185415bb1db1ee2c0907cd0.jpg,web.echsoft.cn/admin/20170919/n_v22b11739d2c264b7396a040b5d791b3ea.jpg,web.echsoft.cn/admin/20170919/n_v277926aa96d7d46778f7c50b52722aad1.jpg,web.echsoft.cn/admin/20170919/n_v279918ff8f9c549e7bbb32cd6b414f1da.jpg','个人','邮政综合大厦','110','4000','高档住宅楼，商住两用！地理环境比较优越，交通便利。','',NULL,NULL,NULL,NULL,NULL,NULL,NULL,NULL,NULL,'贵阳',NULL,NULL,0,'2017-09-25 18:34:46','2017-09-25 18:34:46','B86F5533AA384C5BBBE3F35A2EE65768','B86F5533AA384C5BBBE3F35A2EE65768',0,0),('26b2f5eda1dd11e7a86e00163e0a58b3','生意转让','B86F5533AA384C5BBBE3F35A2EE65768','观水路午休园低价转让设施齐全',2.8,'教育',NULL,NULL,NULL,NULL,'13885085289','web.echsoft.cn/admin/20170919/n_v28e1b5b93bb1149cab26d2608cecbcc33.jpg,web.echsoft.cn/admin/20170919/n_v214b984b4a08e4e2098c5b6ced08a24e1.jpg,web.echsoft.cn/admin/20170919/n_v265f11235c0174984b80dc35a55cfd925.jpg,web.echsoft.cn/admin/20170919/n_v270fd2e9b25cd42c889a9fcd6593f18b1.jpg,web.echsoft.cn/admin/20170919/n_v2361523e206fa4037b554e900126e6925.jpg','个人','观水路','100','1500','午休园位于观水路18中斜对面，主要针对附件南明小学的学生','本人因准备搬去其他城市，所以低价转让。面积为100平米，三室一厅，其中一间为教室，作为午休园的同时也可以办培训机构。生源稳定，有很大的扩招空间，床位可以扩展​。如果有兴趣，请联系我，具体价格可以面谈，经营方面的问题我可以指导。',NULL,NULL,NULL,NULL,NULL,NULL,NULL,NULL,NULL,'贵阳',NULL,NULL,0,'2017-09-25 18:34:46','2017-09-25 18:34:46','B86F5533AA384C5BBBE3F35A2EE65768','B86F5533AA384C5BBBE3F35A2EE65768',0,0),('26bb2a6ba1dd11e7a86e00163e0a58b3','生意转让','B86F5533AA384C5BBBE3F35A2EE65768','花溪老牌教育机构转让！',8,'教育',NULL,NULL,NULL,NULL,'14785855558','web.echsoft.cn/admin/20170919/n_v2a2f082aea19d4430885b81907dc4f3eb.jpg,web.echsoft.cn/admin/20170919/n_v2baad30b084bb4f459d13d012722843a1.jpg,web.echsoft.cn/admin/20170919/n_v2f201868072bb4790ad2761d5109f9cb8.jpg,web.echsoft.cn/admin/20170919/n_v25de83815d3a6448290fdda30e7bc1f20.jpg,web.echsoft.cn/admin/20170919/n_v267b4be2e2c534aa9b4d06621792806a9.jpg,web.echsoft.cn/admin/20170919/n_v291aed1d1281d431592432ee369da5d67.jpg','个人','清华中学附近','170','3000','登峰教育在花溪成立于2012年，是一家花溪老牌教育机构，在花溪知名度较高，地理位置优越（距离清华中学不到100米），拥有源源不断的生源','本人因考取云南大学博士，只能将经营多年的机构转出。现有高三学生26名，教师10名。2017年高考毕业学生46名，都取得良好的成绩，现在低价让出，骗子勿扰。',NULL,NULL,NULL,NULL,NULL,NULL,NULL,NULL,NULL,'贵阳',NULL,NULL,0,'2017-09-25 18:34:46','2017-09-25 18:34:46','B86F5533AA384C5BBBE3F35A2EE65768','B86F5533AA384C5BBBE3F35A2EE65768',0,0),('26c467c3a1dd11e7a86e00163e0a58b3','生意转让','B86F5533AA384C5BBBE3F35A2EE65768','太慈桥汽配城楼上教育培训转让',1,'教育',NULL,NULL,NULL,NULL,'15185052446','web.echsoft.cn/admin/20170919/n_v2b0648ca97d8045aba5f9e69baab9bd4d.jpg,web.echsoft.cn/admin/20170919/n_v2e729a11123ba4b4e8951894def9202b3.jpg,web.echsoft.cn/admin/20170919/n_v26fb4abdd3838463880f15aea80f0edde.jpg,web.echsoft.cn/admin/20170919/n_v27a1f31e0a1f74fc08651bf308473e7ae.jpg,web.echsoft.cn/admin/20170919/n_v28726fb6558ef43808f188618769581ac.jpg','个人','汽配城楼上','70','1300','桌椅 黑板齐全 9成新 周围学校多 生源稳定','',NULL,NULL,NULL,NULL,NULL,NULL,NULL,NULL,NULL,'贵阳',NULL,NULL,0,'2017-09-25 18:34:46','2017-09-25 18:34:46','B86F5533AA384C5BBBE3F35A2EE65768','B86F5533AA384C5BBBE3F35A2EE65768',0,0),('26cc3669a1dd11e7a86e00163e0a58b3','生意转让','B86F5533AA384C5BBBE3F35A2EE65768','南明花果园写字楼配套生意转让',5,'教育',NULL,NULL,NULL,NULL,'15662262599','web.echsoft.cn/admin/20170919/n_v2e5d5d6a44a3647caad4bc9737ad2880b.jpg,web.echsoft.cn/admin/20170919/n_v29f320a70779f4365a66655f62fad8165.jpg,web.echsoft.cn/admin/20170919/n_v280a6b94f51c74f01a161061c0877a98e.jpg','个人','中央商务区','430','16770','急转，校区成熟，设施齐全，9成新，有意者与我联系，中介勿扰,。房租押一付三','',NULL,NULL,NULL,NULL,NULL,NULL,NULL,NULL,NULL,'贵阳',NULL,NULL,0,'2017-09-25 18:34:46','2017-09-25 18:34:46','B86F5533AA384C5BBBE3F35A2EE65768','B86F5533AA384C5BBBE3F35A2EE65768',0,0),('26d3f523a1dd11e7a86e00163e0a58b3','生意转让','B86F5533AA384C5BBBE3F35A2EE65768','云岩宅吉实验二小盈利午托园转让',2,'教育',NULL,NULL,NULL,NULL,'15885525369','web.echsoft.cn/admin/20170919/n_v2f6e67265053d49fa95c4f28d7490a23a.jpg,web.echsoft.cn/admin/20170919/n_v24eee4fddcfb54d4ab845cceb807c97a7.jpg','个人','实验二中','80','1600','急转','因个人需要带小孩，精力有限，诚心转让盈利中的午托园，有意者联系，非诚勿扰！',NULL,NULL,NULL,NULL,NULL,NULL,NULL,NULL,NULL,'贵阳',NULL,NULL,0,'2017-09-25 18:34:46','2017-09-25 18:34:46','B86F5533AA384C5BBBE3F35A2EE65768','B86F5533AA384C5BBBE3F35A2EE65768',0,0),('26db8a5ca1dd11e7a86e00163e0a58b3','生意转让','B86F5533AA384C5BBBE3F35A2EE65768','前进路40m²医药保健店转',8,'医药保健',NULL,NULL,NULL,NULL,'15085950221','web.echsoft.cn/admin/20170919/n_v27f182253e5a642c7bdcf88c4b44d42d2.jpg,web.echsoft.cn/admin/20170919/n_v2362b6d792daa4588867947cfdb7c787e.jpg','个人','前进路','40','4000','急转','个人原因现转让，营业面积40个，门市带有2间住房住房面积有24个。',NULL,NULL,NULL,NULL,NULL,NULL,NULL,NULL,NULL,'贵阳',NULL,NULL,0,'2017-09-25 18:34:46','2017-09-25 18:34:46','B86F5533AA384C5BBBE3F35A2EE65768','B86F5533AA384C5BBBE3F35A2EE65768',0,0),('26e33feea1dd11e7a86e00163e0a58b3','生意转让','B86F5533AA384C5BBBE3F35A2EE65768','成人用品店38m²转让兴关解放路',5,'医药保健',NULL,NULL,NULL,NULL,'17785131780','web.echsoft.cn/admin/20170919/n_v2a259171618604bfb81f68c903cd476ea.jpg,web.echsoft.cn/admin/20170919/n_v29fd5c4568e484633b07dcde1ea5e0d6f.jpg,web.echsoft.cn/admin/20170919/n_v227c45b27b8df447b8e09ac0b3e9816de.jpg,web.echsoft.cn/admin/20170919/n_v298582fdf90fc4c58ac95f45d91f42fd9.jpg','个人','解放路','38','1800','成人用品店整体转让，五年老店，客源稳定，位于解放路空招附近，地理位置好，周边多家酒店','因有其他发展，故转让，店里可以住人，免去租房困扰，生活用具齐全，有意者可以前来实地看店',NULL,NULL,NULL,NULL,NULL,NULL,NULL,NULL,NULL,'贵阳',NULL,NULL,0,'2017-09-25 18:34:47','2017-09-25 18:34:47','B86F5533AA384C5BBBE3F35A2EE65768','B86F5533AA384C5BBBE3F35A2EE65768',0,0),('26eb38cfa1dd11e7a86e00163e0a58b3','生意转让','B86F5533AA384C5BBBE3F35A2EE65768','潘江路12m²无人成人用品店转让',2,'医药保健',NULL,NULL,NULL,NULL,'18685195716','web.echsoft.cn/admin/20170919/n_v2e49a44228b0140d49956df75c4bf904a.jpg','个人','盘江路','12','1200','此店急转（全转）、有需要者请来电咨询。中介勿扰','',NULL,NULL,NULL,NULL,NULL,NULL,NULL,NULL,NULL,'贵阳',NULL,NULL,0,'2017-09-25 18:34:47','2017-09-25 18:34:47','B86F5533AA384C5BBBE3F35A2EE65768','B86F5533AA384C5BBBE3F35A2EE65768',0,0),('26f49df6a1dd11e7a86e00163e0a58b3','生意转让','B86F5533AA384C5BBBE3F35A2EE65768','甘荫塘400m²医药保健转让',35,'医药保健',NULL,NULL,NULL,NULL,'18275013409','web.echsoft.cn/admin/20170919/n_v2c139d4b9fb7a40178d267ad75fe32b4e.jpg,web.echsoft.cn/admin/20170919/n_v28abf9e10e8b849b5801e66c2008832ca.jpg,web.echsoft.cn/admin/20170919/n_v24528de2304d7459e97dcfabefa3b10ac.jpg','个人','花溪大道中段二十二中旁边','400','5000','诊所转让','',NULL,NULL,NULL,NULL,NULL,NULL,NULL,NULL,NULL,'贵阳',NULL,NULL,0,'2017-09-25 18:34:47','2017-09-25 18:34:47','B86F5533AA384C5BBBE3F35A2EE65768','B86F5533AA384C5BBBE3F35A2EE65768',0,0),('26fd1aeea1dd11e7a86e00163e0a58b3','生意转让','B86F5533AA384C5BBBE3F35A2EE65768','大旭东路25m²医药保健转让',1.8,'医药保健',NULL,NULL,NULL,NULL,'18984832160','web.echsoft.cn/admin/20170919/n_v2c04ddbf6e9e24a63b0a8dcb0b506caff.jpg,web.echsoft.cn/admin/20170919/n_v2c168a9a6329e44848f489c0b92e0604d.jpg,web.echsoft.cn/admin/20170919/n_v2d04c662bc56f4e4b833d1d2b0d32997c.jpg,web.echsoft.cn/admin/20170919/n_v24d2f773642ca4b91bc62d5858c942cad.jpg,web.echsoft.cn/admin/20170919/n_v2180b8a3a8478472d88988125a10e5405.jpg,web.echsoft.cn/admin/20170919/n_v23368d9eb41b64665ba8156fcb30f61c8.jpg','个人','旭东路','25','450','门口就是幼儿园！上面有个中学，旁边还有几家快递聚集，人流量大！人脉就是钱脉！有识之士都懂的！小吃什么的，不分行业，什么都可以做！','急转急！急！急！本人有同类型4个店，忙不过来，想要精减，慢慢集中向批发过度！可以整转也可以空转！',NULL,NULL,NULL,NULL,NULL,NULL,NULL,NULL,NULL,'贵阳',NULL,NULL,0,'2017-09-25 18:34:47','2017-09-25 18:34:47','B86F5533AA384C5BBBE3F35A2EE65768','B86F5533AA384C5BBBE3F35A2EE65768',0,0),('27066ab6a1dd11e7a86e00163e0a58b3','生意转让','B86F5533AA384C5BBBE3F35A2EE65768','世纪城兰州街220m²医药保健转让',50,'医药保健',NULL,NULL,NULL,NULL,'18185143879','web.echsoft.cn/admin/20170919/n_v2cfcf477296f442e4b38cebb58184a496.jpg,web.echsoft.cn/admin/20170919/n_v28eba432139b44d92b3f42c93e643a297.jpg,web.echsoft.cn/admin/20170919/n_v2030ea5ee3a554b3b9a5d8375a143149b.jpg,web.echsoft.cn/admin/20170919/n_v24194db189b7d4d75a22229a36d8f2482.jpg,web.echsoft.cn/admin/20170919/n_v2241839897cc74332a363ec822605ae15.jpg','个人','兰州街','220','16000','本诊所经营多年，有固定病源','现因其它原因，忍痛转让，有意者转手就盈利。',NULL,NULL,NULL,NULL,NULL,NULL,NULL,NULL,NULL,'贵阳',NULL,NULL,0,'2017-09-25 18:34:47','2017-09-25 18:34:47','B86F5533AA384C5BBBE3F35A2EE65768','B86F5533AA384C5BBBE3F35A2EE65768',0,0),('270f771ba1dd11e7a86e00163e0a58b3','生意转让','B86F5533AA384C5BBBE3F35A2EE65768','白云区恒大城120m²诊所转或合作',30,'医药保健',NULL,NULL,NULL,NULL,'13984891131','web.echsoft.cn/admin/20170919/n_v2bbabc7d410f54ac7aa951ea155e71b05.jpg,web.echsoft.cn/admin/20170919/n_v20f68cc0b9a8743478a6913779da2bd40.jpg,web.echsoft.cn/admin/20170919/n_v2563c1bf4efa34d35a40eb54d85de26a3.jpg,web.echsoft.cn/admin/20170919/n_v2697fb454c9074f80b40f7fd044d3048a.jpg,web.echsoft.cn/admin/20170919/n_v2754f968bc35f41cb938755e492319b2a.jpg,web.echsoft.cn/admin/20170919/n_v240004b135d884838a7f0d5ed8a5887de.jpg','个人','曹关收费站对面','120','8000','诊所位于白云区恒大城曹关收费站对面，恒大城现在入住率逐步增多，附近有公园，对面有北尚华城，现已经开业，发展潜力非常巨大。','由于本人有一家医院和多家诊所，照顾不过来，所以可以整体转让或合作。面议！！！​',NULL,NULL,NULL,NULL,NULL,NULL,NULL,NULL,NULL,'贵阳',NULL,NULL,0,'2017-09-25 18:34:47','2017-09-25 18:34:47','B86F5533AA384C5BBBE3F35A2EE65768','B86F5533AA384C5BBBE3F35A2EE65768',0,0),('2718a251a1dd11e7a86e00163e0a58b3','生意转让','B86F5533AA384C5BBBE3F35A2EE65768','孟关药店月入3万多药店转让',18,'医药保健',NULL,NULL,NULL,NULL,'18111827652','web.echsoft.cn/admin/20170919/n_v2cb53be4dcdaf4f94a98c3dbecb0c89f1.jpg,web.echsoft.cn/admin/20170919/n_v2fd58cdcf462a4a798f2b446b2af1965e.jpg','个人','孟关花溪碧桂园','46','3600','盈利药店转让，合伙的扯皮了，头都大了！清溪路 孟关花溪碧桂园 医药保健 商业街卖场','',NULL,NULL,NULL,NULL,NULL,NULL,NULL,NULL,NULL,'贵阳',NULL,NULL,0,'2017-09-25 18:34:47','2017-09-25 18:34:47','B86F5533AA384C5BBBE3F35A2EE65768','B86F5533AA384C5BBBE3F35A2EE65768',0,0),('27243ffca1dd11e7a86e00163e0a58b3','生意转让','B86F5533AA384C5BBBE3F35A2EE65768','大山洞老育才路40m²医药保健转让',9.8,'医药保健',NULL,NULL,NULL,NULL,'18275073052','web.echsoft.cn/admin/20170919/n_v23c592b7381834d93bc078ee57f42315b.jpg,web.echsoft.cn/admin/20170919/n_v2587c43916eb14286b39bcaa04d41823e.jpg','个人','老育才路','40','1200','急转','因本人在其他地方还要照顾生意 无力看管本店 所以转让',NULL,NULL,NULL,NULL,NULL,NULL,NULL,NULL,NULL,'贵阳',NULL,NULL,0,'2017-09-25 18:34:47','2017-09-25 18:34:47','B86F5533AA384C5BBBE3F35A2EE65768','B86F5533AA384C5BBBE3F35A2EE65768',0,0),('272dc28fa1dd11e7a86e00163e0a58b3','生意转让','B86F5533AA384C5BBBE3F35A2EE65768','乌当区医疗器械店转让0转让费',0,'医药保健',NULL,NULL,NULL,NULL,'18984355546','web.echsoft.cn/admin/20170919/n_v2f28ef8a7a1584a07a955e379d6b5d8da.jpg,web.echsoft.cn/admin/20170919/n_v2998d6823ad064b04b18b524f73cd65d3.jpg,web.echsoft.cn/admin/20170919/n_v277383afcf978442ebc6b50d39b0c5b10.jpg,web.echsoft.cn/admin/20170919/n_v2636142b5131e4ce3961517aacd46f403.jpg','个人','乌当区医院旁钟破西路','40','4200','本医疗器械店位于两个医院中间，同时处于新添寨集市区域人流集中地段，一直处于盈利状态','现因本人事业升级做医疗器械生产，现成的整体店面零转让费转让！',NULL,NULL,NULL,NULL,NULL,NULL,NULL,NULL,NULL,'贵阳',NULL,NULL,0,'2017-09-25 18:34:47','2017-09-25 18:34:47','B86F5533AA384C5BBBE3F35A2EE65768','B86F5533AA384C5BBBE3F35A2EE65768',0,0),('2735656ea1dd11e7a86e00163e0a58b3','生意转让','B86F5533AA384C5BBBE3F35A2EE65768','新添寨石厂坡80m²盈利诊所低价转让',11,'医药保健',NULL,NULL,NULL,NULL,'15329318708','web.echsoft.cn/admin/20170919/n_v281e65f2865d4440db62cdd5546040f7a.jpg','个人','新添寨石厂坡','80','4200','盈利诊所，位置好，城乡接合部，流动人口多','因其它生意忙，现低价转让',NULL,NULL,NULL,NULL,NULL,NULL,NULL,NULL,NULL,'贵阳',NULL,NULL,0,'2017-09-25 18:34:47','2017-09-25 18:34:47','B86F5533AA384C5BBBE3F35A2EE65768','B86F5533AA384C5BBBE3F35A2EE65768',0,0),('273dcbcaa1dd11e7a86e00163e0a58b3','生意转让','B86F5533AA384C5BBBE3F35A2EE65768','修文县六广镇60m²药店转让',20,'医药保健',NULL,NULL,NULL,NULL,'18231251716','web.echsoft.cn/admin/20170919/n_v26e83274c06b5496999bc08079caa463a.jpg','个人','修文县六广镇','60','1800','新开药店转让，证照设备齐全。装修上档次','',NULL,NULL,NULL,NULL,NULL,NULL,NULL,NULL,NULL,'贵阳',NULL,NULL,0,'2017-09-25 18:34:47','2017-09-25 18:34:47','B86F5533AA384C5BBBE3F35A2EE65768','B86F5533AA384C5BBBE3F35A2EE65768',0,0),('274954e1a1dd11e7a86e00163e0a58b3','生意转让','B86F5533AA384C5BBBE3F35A2EE65768','云岩区40m²忍痛转让诊所',11,'医药保健',NULL,NULL,NULL,NULL,'18275308309','web.echsoft.cn/admin/20170919/n_v23f1b9df77b61460ea22084da228152a6.jpg,web.echsoft.cn/admin/20170919/n_v292bc001bdb3b49c2be267d7a8fd263a2.jpg,web.echsoft.cn/admin/20170919/n_v2033cc9d489c543bb93c9cac0e939996c.jpg,web.echsoft.cn/admin/20170919/n_v2644e8e5199e64e319831e77994e520f2.jpg,web.echsoft.cn/admin/20170919/n_v2800d494a2a1242e8a200101b78a69963.jpg','个人','云岩区三桥北路','40','3500','急转','因本人有特殊原因，忍痛将已营业三年多的诊所转让，所有证件齐全，接手可营业，非诚勿扰！',NULL,NULL,NULL,NULL,NULL,NULL,NULL,NULL,NULL,'贵阳',NULL,NULL,0,'2017-09-25 18:34:47','2017-09-25 18:34:47','B86F5533AA384C5BBBE3F35A2EE65768','B86F5533AA384C5BBBE3F35A2EE65768',0,0),('275129d7a1dd11e7a86e00163e0a58b3','生意转让','B86F5533AA384C5BBBE3F35A2EE65768','新添寨60m²盈利药房转让',20,'医药保健',NULL,NULL,NULL,NULL,'18798822336','web.echsoft.cn/admin/20170919/n_v2e2b0ff24631b47f7bf0ee12247c74e24.jpg,web.echsoft.cn/admin/20170919/n_v2fa67b42fa730485fbf5574f3d1a52864.jpg,web.echsoft.cn/admin/20170919/n_v23a2a97d5130c4f7b8365d95fe4d497a5.jpg','个人','新竹路济康医院楼下','60','4000','黄金地段 有意者电话详谈或进店面谈','',NULL,NULL,NULL,NULL,NULL,NULL,NULL,NULL,NULL,'贵阳',NULL,NULL,0,'2017-09-25 18:34:47','2017-09-25 18:34:47','B86F5533AA384C5BBBE3F35A2EE65768','B86F5533AA384C5BBBE3F35A2EE65768',0,0),('2762e610a1dd11e7a86e00163e0a58b3','生意转让','B86F5533AA384C5BBBE3F35A2EE65768','万科缇香郡急需用钱药店急转61m²',17,'医药保健',NULL,NULL,NULL,NULL,'18984126673','web.echsoft.cn/admin/20170919/n_v2d41c17482cc34e9eb7e2e11988304a04.jpg,web.echsoft.cn/admin/20170919/n_v2d927974e614044b6b7dc21d0fea59d49.jpg','个人','万科缇香郡','61','9000','盈利老药店，证照齐全，临街商业住宅区旺铺','',NULL,NULL,NULL,NULL,NULL,NULL,NULL,NULL,NULL,'贵阳',NULL,NULL,0,'2017-09-25 18:34:47','2017-09-25 18:34:47','B86F5533AA384C5BBBE3F35A2EE65768','B86F5533AA384C5BBBE3F35A2EE65768',0,0),('276eea7ca1dd11e7a86e00163e0a58b3','生意转让','B86F5533AA384C5BBBE3F35A2EE65768','宅吉市北路扁井巷医疗保健转让40m²',2,'医药保健',NULL,NULL,NULL,NULL,'15285950639','web.echsoft.cn/admin/20170919/n_v211de5108ffd84046a8439b7cd7d09d1d.jpg,web.echsoft.cn/admin/20170919/n_v2183ab9453250466b84bcf91809599892.jpg,web.echsoft.cn/admin/20170919/n_v2564c3fa814ed47c6981659c25ee9a857.jpg,web.echsoft.cn/admin/20170919/n_v21395f05abe9f4628aad6ca3e1885879c.jpg','个人','市北路扁井巷','40','1200','急转','本人因回老家发展，口腔科低价转让',NULL,NULL,NULL,NULL,NULL,NULL,NULL,NULL,NULL,'贵阳',NULL,NULL,0,'2017-09-25 18:34:47','2017-09-25 18:34:47','B86F5533AA384C5BBBE3F35A2EE65768','B86F5533AA384C5BBBE3F35A2EE65768',0,0),('2779874da1dd11e7a86e00163e0a58b3','生意转让','B86F5533AA384C5BBBE3F35A2EE65768','大营坡55m²医疗保健个人原因急转',0.22,'医药保健',NULL,NULL,NULL,NULL,'15208535247','web.echsoft.cn/admin/20170919/n_v2cb344bb460e14e40a6ec1b863c10f6d3.jpg,web.echsoft.cn/admin/20170919/n_v2ea47208f00c24c038ddc0eec41188221.jpg,web.echsoft.cn/admin/20170919/n_v232273a44386941b8bee8cef69495fcf6.jpg','个人','大营坡蛮坡检测站附近','55','1500','学生，住户必经之路，人流量大，没有行业限制','',NULL,NULL,NULL,NULL,NULL,NULL,NULL,NULL,NULL,'贵阳',NULL,NULL,0,'2017-09-25 18:34:48','2017-09-25 18:34:48','B86F5533AA384C5BBBE3F35A2EE65768','B86F5533AA384C5BBBE3F35A2EE65768',0,0),('3fd5f4d6bc6d42648c92a556a1da1353','其他','a314c7f5ceae45a79682211091017ca4','考虑考虑',NULL,NULL,NULL,NULL,'挺有用',NULL,NULL,NULL,NULL,NULL,NULL,NULL,NULL,NULL,NULL,NULL,NULL,NULL,NULL,NULL,NULL,NULL,NULL,'贵阳',NULL,NULL,0,'2017-09-27 18:50:26','2017-09-27 18:50:26','a314c7f5ceae45a79682211091017ca4','a314c7f5ceae45a79682211091017ca4',2,0),('418c977274b54bed914712f8145b5009','加盟分店','ca7e4d9a2ff1444fa9c89c1d678d9d42','积',NULL,NULL,NULL,NULL,NULL,NULL,NULL,NULL,NULL,NULL,NULL,NULL,NULL,NULL,NULL,NULL,NULL,NULL,NULL,NULL,NULL,NULL,NULL,'贵阳',NULL,NULL,0,'2017-09-28 10:31:11','2017-09-28 10:31:11','ca7e4d9a2ff1444fa9c89c1d678d9d42','ca7e4d9a2ff1444fa9c89c1d678d9d42',2,0),('4454726a0b5c4713b96f751ae6f6ccd1','其他','1a1bcad39a614d56a5bd12783e466b68','3342342',234,'其他',NULL,'哈哈哈哈','sdfsdf',NULL,'13012311231','web.daho.club/oNWj80KpvNW5sPKLxGYPtaLKgmD8/20170927/48e17579ef40495cbd9b432a94a64865.png',NULL,NULL,NULL,NULL,NULL,NULL,NULL,NULL,NULL,NULL,NULL,NULL,NULL,NULL,NULL,'贵阳',NULL,NULL,0,'2017-09-27 19:34:00','2017-09-27 19:34:00','1a1bcad39a614d56a5bd12783e466b68','1a1bcad39a614d56a5bd12783e466b68',4,0),('58591aa6a2ad11e7a86e00163e0a58b3','合伙创业','B86F5533AA384C5BBBE3F35A2EE65768','柠檬回收项目寻找物资合伙人',1,'生活服务','2万用于物资采购，其余费用公司承担','柠檬回收一个O2O平台。项目创办了一个“废纸别跑”的活动，与学校、政府、企业签订合作，在其单位放置回收袋，废纸换取新紙。目前此项目寻找合伙人购买物资，我们负责基础人工与运输费用。项目30%置换2万元物资。分4股，5000元一股。确定合作后，在需要购买物资时，再向合伙人发送淘宝链接，买定后即算入股。没有采购，说明我们业务没有扩大，也不会造成亏损。最大程度上降低双方的合作风险。','废纸行业是一个新兴且朝阳产业，也是柠檬回收一个重要的业务渠道。利润值预估，投资人投入时计算，1年可以回本。同时未来展望非常可观。','柠檬回收由一群互联网产品技术团队运营，有较强的开发经验。产品在攻研阶段。此次聚焦在回收行业，希望在赚钱的同时，正好做了社会公益。','15618199289','web.echsoft.cn/admin/20170919/ljljsdaspio00.jpg,web.echsoft.cn/admin/20170919/qweqwfasdfsfas.jpg,web.echsoft.cn/admin/20170919/rqewtaesdfsef.jpg,web.echsoft.cn/admin/20170919/wertfqwefwefwe.jpg,web.echsoft.cn/admin/20170919/wetsdgdfshgryhet.jpg,web.echsoft.cn/admin/20170919/tyjyulyiilhp.jpg\r\nweb.echsoft.cn/admin/20170919/ljljsdaspio00.jpg,web.echsoft.cn/admin/20170919/qweqwfasdfsfas.jpg,web.echsoft.cn/admin/20170919/rqewtaesdfsef.jpg,web.echsoft.cn/admin/20170919/wertfqwefwefwe.jpg,web.echsoft.cn/admin/20170919/wetsdgdfshgryhet.jpg,web.echsoft.cn/admin/20170919/tyjyulyiilhp.jpg',NULL,NULL,NULL,NULL,NULL,NULL,NULL,NULL,NULL,NULL,NULL,NULL,NULL,NULL,NULL,'贵阳',NULL,NULL,1,'2017-09-26 19:25:05','2017-09-26 19:25:05','B86F5533AA384C5BBBE3F35A2EE65768','B86F5533AA384C5BBBE3F35A2EE65768',0,0),('586549aea2ad11e7a86e00163e0a58b3','合伙创业','B86F5533AA384C5BBBE3F35A2EE65768','学院背后水库房子寻合伙人共同盈利',30,'休闲娱乐','根据投入资金做双方协定规划','休闲，娱乐，饮食，垂钓，真人cs等等项目总投资400万，有真人CS，烧烤等，现在需要一个合伙人入伙进行新的业务扩展，股份按照投入比例配比。','每周营收在4到5万左右，一个月人工在8000左右，有兴趣请尽快联系！','就我一个人','18275258084','web.echsoft.cn/admin/20170919/n_v1bkujjdzl2pufnvnki4uq.jpg,web.echsoft.cn/admin/20170919/n_v1bl2lwizi2pufnabmauna.jpg,web.echsoft.cn/admin/20170919/n_v1bl2lwkjj2pufn3ouxnvq.jpg,web.echsoft.cn/admin/20170919/n_v1bl2lwtjl2pufm7gqficq.jpg',NULL,NULL,NULL,NULL,NULL,NULL,NULL,NULL,NULL,NULL,NULL,NULL,NULL,NULL,NULL,'贵阳',NULL,NULL,2,'2017-09-26 19:25:05','2017-09-26 19:25:05','B86F5533AA384C5BBBE3F35A2EE65768','B86F5533AA384C5BBBE3F35A2EE65768',0,0),('6dc4938af9b74a3fbf4d2a6c18a4687c','其他','a314c7f5ceae45a79682211091017ca4','吧',1,'家装建材',NULL,'1根','刚刚',NULL,'18612363057','web.daho.club/oNWj80OPZA_tvXxf2eIpI-VVqP4E/20170927/2cad9ead8e1f40f08206bc114da8cb49.jpg',NULL,NULL,NULL,NULL,NULL,NULL,NULL,NULL,NULL,NULL,NULL,NULL,NULL,NULL,NULL,'贵阳',NULL,NULL,0,'2017-09-27 18:40:35','2017-09-27 18:41:19','a314c7f5ceae45a79682211091017ca4','a314c7f5ceae45a79682211091017ca4',1,3),('6feafe01201b4baa81acaf8723dd755a','其他','1a1bcad39a614d56a5bd12783e466b68','刚刚好',NULL,NULL,NULL,'很过分','呵呵呵',NULL,NULL,NULL,NULL,NULL,NULL,NULL,NULL,NULL,NULL,NULL,NULL,NULL,NULL,NULL,NULL,NULL,NULL,'贵阳',NULL,NULL,0,'2017-09-27 18:49:19','2017-09-27 18:49:49','1a1bcad39a614d56a5bd12783e466b68','1a1bcad39a614d56a5bd12783e466b68',2,1),('964d56b4dca94c7e8c459d3f38f4282d','其他','a314c7f5ceae45a79682211091017ca4','呃呃嗯',2,'百货超市',NULL,'出来了','略略略',NULL,'18612363057','web.daho.club/oNWj80OPZA_tvXxf2eIpI-VVqP4E/20170927/027aded8d287458bb0f9ad7788e40195.jpg',NULL,NULL,NULL,NULL,NULL,NULL,NULL,NULL,NULL,NULL,NULL,NULL,NULL,NULL,NULL,'贵阳',NULL,NULL,0,'2017-09-27 18:56:17','2017-09-27 20:06:50','a314c7f5ceae45a79682211091017ca4','a314c7f5ceae45a79682211091017ca4',4,3),('97d9173d7ecd409ea5e88e82f5162737','其他','a314c7f5ceae45a79682211091017ca4','罢了',55,'建筑工程',NULL,'套路','YY',NULL,'18612363057','web.daho.club/oNWj80OPZA_tvXxf2eIpI-VVqP4E/20170927/9e7cfffd61774716a3465ff7ff5921b7.jpg',NULL,NULL,NULL,NULL,NULL,NULL,NULL,NULL,NULL,NULL,NULL,NULL,NULL,NULL,NULL,'贵阳',NULL,NULL,0,'2017-09-27 18:57:07','2017-09-27 20:04:27','a314c7f5ceae45a79682211091017ca4','a314c7f5ceae45a79682211091017ca4',1,1),('b86c58b36950416b92212de3117b70b9','其他','ca7e4d9a2ff1444fa9c89c1d678d9d42','敏力HK',15,'家装建材',NULL,'大几','墨迹',NULL,'13985015672','web.daho.club/oNWj80PJQ5lKNolg9bB0y4VQv4UA/20170928/4dbf28bf46644a8da14a6fbe63963f84.jpg',NULL,NULL,NULL,NULL,NULL,NULL,NULL,NULL,NULL,NULL,NULL,NULL,NULL,NULL,NULL,'贵阳',NULL,NULL,0,'2017-09-28 10:32:04','2017-09-28 10:32:04','ca7e4d9a2ff1444fa9c89c1d678d9d42','ca7e4d9a2ff1444fa9c89c1d678d9d42',4,0),('c2ccf15bbd7447f4a2badbc5b1c3aae4','其他','36313689cdaa4be1a543ae0b5d8377ee','呵呵呵呵',15,'百货超市',NULL,'呵呵大家都','嗯就觉得',NULL,'18285153529',NULL,NULL,NULL,NULL,NULL,NULL,NULL,NULL,NULL,NULL,NULL,NULL,NULL,NULL,NULL,NULL,'贵阳',NULL,NULL,0,'2017-09-27 18:52:59','2017-09-27 18:56:26','36313689cdaa4be1a543ae0b5d8377ee','36313689cdaa4be1a543ae0b5d8377ee',2,1),('cb1bbbf8388d4364be5858d19f81b3ec','其他','1a1bcad39a614d56a5bd12783e466b68','噢噢噢',3,'教育',NULL,'很好很好很好','句呵呵哈哈哈',NULL,'13068326391','web.daho.club/oNWj80KpvNW5sPKLxGYPtaLKgmD8/20170927/951265f98c0d402782058a5e5c5fa5e0.jpg,web.daho.club/oNWj80KpvNW5sPKLxGYPtaLKgmD8/20170927/a9497880539445ff98016560efa41135.jpg',NULL,NULL,NULL,NULL,NULL,NULL,NULL,NULL,NULL,NULL,NULL,NULL,NULL,NULL,NULL,'贵阳',NULL,NULL,0,'2017-09-27 18:35:20','2017-09-27 18:35:56','1a1bcad39a614d56a5bd12783e466b68','1a1bcad39a614d56a5bd12783e466b68',4,1);

UNLOCK TABLES;

/*Table structure for table `reportinfo` */

DROP TABLE IF EXISTS `reportinfo`;

CREATE TABLE `reportinfo` (
  `id` varchar(100) NOT NULL COMMENT '举报信息id标识',
  `releaseId` varchar(100) NOT NULL COMMENT '发布信息id',
  `personalId` varchar(100) NOT NULL COMMENT '个人资料Id',
  `reportTypeId` varchar(100) NOT NULL COMMENT '举报类型id',
  `imageArray` varchar(255) DEFAULT NULL COMMENT '图片数组',
  `remark` varchar(255) DEFAULT NULL COMMENT '举报备注',
  `cdate` datetime DEFAULT NULL COMMENT '创建时间',
  `mdate` datetime DEFAULT NULL COMMENT '最后修改时间',
  `creator` varchar(32) DEFAULT NULL COMMENT '创建人',
  `uman` varchar(32) DEFAULT NULL COMMENT '修改人',
  `df` int(11) DEFAULT '0' COMMENT '是否删除',
  `version` int(11) DEFAULT '0' COMMENT '数据版本',
  PRIMARY KEY (`id`)
) ENGINE=InnoDB DEFAULT CHARSET=utf8;

/*Data for the table `reportinfo` */

LOCK TABLES `reportinfo` WRITE;

UNLOCK TABLES;

/*Table structure for table `reporttype` */

DROP TABLE IF EXISTS `reporttype`;

CREATE TABLE `reporttype` (
  `id` varchar(32) NOT NULL COMMENT '举报类型id标识',
  `reportTitle` varchar(100) NOT NULL COMMENT '举报标题',
  `cdate` datetime DEFAULT NULL COMMENT '创建时间',
  `mdate` datetime DEFAULT NULL COMMENT '最后修改时间',
  `creator` varchar(32) DEFAULT NULL COMMENT '创建人',
  `uman` varchar(32) DEFAULT NULL COMMENT '修改人',
  `df` int(11) DEFAULT '0' COMMENT '是否删除',
  `version` int(11) DEFAULT '0' COMMENT '数据版本',
  PRIMARY KEY (`id`)
) ENGINE=InnoDB DEFAULT CHARSET=utf8;

/*Data for the table `reporttype` */

LOCK TABLES `reporttype` WRITE;

UNLOCK TABLES;

/*!40101 SET SQL_MODE=@OLD_SQL_MODE */;
/*!40014 SET FOREIGN_KEY_CHECKS=@OLD_FOREIGN_KEY_CHECKS */;
/*!40014 SET UNIQUE_CHECKS=@OLD_UNIQUE_CHECKS */;
/*!40111 SET SQL_NOTES=@OLD_SQL_NOTES */;
